retweeter,source_author,count
Track11John,Briassulis,66
GiotaPapapetrou,enikos_gr,15
Track11John,elenasagiadinou,11
Track11John,AnAthenianToLDN,7
Track11John,HFirstpriest,7
46spiros,AnAthenianToLDN,6
hatz_patty,sinakatsarou,6
nickthegreek5,Mirsini1946041,6
Track11John,ArisBJJ,5
Track11John,ellada24,5
Track11John,panta_tif,5
hatz_patty,AdonisGeorgiadi,5
nickthegreek5,MOSSADil,5
nickthegreek5,MsLouellaDeVil,5
AgelisDimitris,Mirsini1946041,4
AgelisDimitris,MsLouellaDeVil,4
Agie2a,__darcelX__,4
Briassulis,Briassulis,4
K_Sav215,action24tv,4
RockRock222555,GeorghyZhukov,4
Track11John,AdonisGeorgiadi,4
Track11John,AppelaiosII,4
Track11John,Mrpresidentgr,4
Track11John,failosK,4
Track11John,tomanifesto,4
angelikitsakani,AgelisDimitris,4
giannMak,zneraida,4
hatz_patty,Veltsi_Legacy,4
hatz_patty,omadaalithias,4
nickthegreek5,AdonisGeorgiadi,4
nickthegreek5,GeorghyZhukov,4
nickthegreek5,ellada24,4
nickthegreek5,jazz_daz,4
nickthegreek5,panta_tif,4
46spiros,andreasmoun,3
46spiros,ellada24,3
46spiros,failosK,3
46spiros,zneraida,3
Aaagiiisss,realMaalouf,3
AgelisDimitris,Agie2a,3
AgelisDimitris,Akiratos_,3
AgelisDimitris,apablaze,3
Agie2a,zneraida,3
GiotaPapapetrou,Smerna69,3
GiotaPapapetrou,WolfK423510,3
GiotaPapapetrou,giorgospolys,3
GiotaPapapetrou,johnafri8,3
GiotaPapapetrou,panta_tif,3
IK25818385,Wolfman45042900,3
LitsaXarou,L3naRain,3
MasenkaMm230158,AdonisGeorgiadi,3
RockRock222555,isaacrrr7,3
RockRock222555,xanathja,3
RockRock222555,zneraida,3
Track11John,Agie2a,3
Track11John,DoraZip,3
Track11John,GP_74_,3
Track11John,Mirsini1946041,3
Track11John,PlakoudasSpyros,3
Track11John,Track11John,3
Track11John,mvlazaridis,3
Track11John,n_palaiopanou,3
aggelikiME25,OTemPoRaOmOreS7,3
chrysib11,K_Sav215,3
giannMak,2etonne2p,3
giannMak,ellada24,3
giannMak,jazz_daz,3
greek_paris_13,manolisgiz,3
hatz_patty,MsLouellaDeVil,3
hatz_patty,ellada24,3
nickthegreek5,BenakisM,3
nickthegreek5,ImtiazMadmood,3
nickthegreek5,nikglykos,3
nickthegreek5,omadaalithias,3
sinakatsarou,jazz_daz,3
46spiros,AdonisGeorgiadi,2
46spiros,GeorghyZhukov,2
46spiros,HFirstpriest,2
46spiros,Johnnyhoston_2,2
46spiros,K_Sav215,2
46spiros,Nob0dymyname,2
46spiros,__darcelX__,2
46spiros,dimitris7987,2
46spiros,dkDurcGYTIpZdKl,2
46spiros,hellaspecial,2
46spiros,nikglykos,2
46spiros,panta_tif,2
46spiros,petrosoutsis,2
46spiros,unico11226,2
ABCHeckles,Curious_Ches,2
Aaagiiisss,Alyunan00,2
AgelisDimitris,AnAthenianToLDN,2
AgelisDimitris,BenakisM,2
AgelisDimitris,IoannaDementi,2
AgelisDimitris,MirandaPrada_,2
AgelisDimitris,P159646899P,2
AgelisDimitris,gospodinmedvedd,2
AgelisDimitris,haaha_bou,2
AgelisDimitris,marydela_7,2
AgelisDimitris,panta_tif,2
Agie2a,Mirsini1946041,2
ArisBJJ,Akiratos_,2
BananaJoeReload,PGPavlos,2
Briassulis,DoraZip,2
Briassulis,HFirstpriest,2
Briassulis,action24tv,2
Briassulis,elenasagiadinou,2
Briassulis,hellaspecial,2
Briassulis,iefimerida,2
Briassulis,n_palaiopanou,2
Briassulis,nikolaosderes,2
Catps66,elenasagiadinou,2
Catps66,ellada24,2
DonConsclavios,AdonisGeorgiadi,2
DonConsclavios,n_palaiopanou,2
Fotinh5,DvsDvs60195368,2
G4Heron,TassosIoannides,2
GiotaPapapetrou,AgelisDimitris,2
GiotaPapapetrou,Flora15376310,2
GiotaPapapetrou,G_konstn,2
GiotaPapapetrou,Kevin64794212,2
GiotaPapapetrou,Kozet97913705,2
GiotaPapapetrou,Luna_Lunaki,2
GiotaPapapetrou,Stravoxilo,2
GiotaPapapetrou,XristinaXatz3,2
GiotaPapapetrou,augoustina1957,2
GiotaPapapetrou,consue_banana_,2
GiotaPapapetrou,lena_lenaki_len,2
GiotaPapapetrou,ourania15,2
GiotaPapapetrou,tazmanolis,2
K_Sav215,AdonisGeorgiadi,2
K_Sav215,AnAthenianToLDN,2
K_Sav215,MarketNewsgr,2
K_Sav215,mamba_aka,2
LGkvas,MsLouellaDeVil,2
Loxagos_Mark,ellada24,2
MKioulafa,1mp0st3rtuta,2
MKioulafa,K_Sav215,2
MKioulafa,steiger_st28082,2
MariaKoki3,HellenicOlympic,2
MasenkaMm230158,GeorghyZhukov,2
MasenkaMm230158,Johnnyhoston_2,2
MasenkaMm230158,KatKatPt,2
MasenkaMm230158,Mirsini1946041,2
MasenkaMm230158,Notorio_rbg,2
MasenkaMm230158,arkas1971,2
MasenkaMm230158,kikig_3,2
MasenkaMm230158,mariavellou,2
MasenkaMm230158,zneraida,2
Myrtilo01,Nikos_Lygeros,2
Myrtilo01,WhiteHouse,2
NonameTZ,zneraida,2
QuercusLg,giorgoschris2,2
RockRock222555,HFirstpriest,2
RockRock222555,MLingou,2
RockRock222555,Stainlessid,2
RockRock222555,gospodinmedvedd,2
ThanosTzimeros,LeonPalaiodimos,2
ThanosTzimeros,__darcelX__,2
Track11John,BenakisM,2
Track11John,Bodymist18668,2
Track11John,DvsDvs60195368,2
Track11John,GeorghyZhukov,2
Track11John,LiberalGr,2
Track11John,SMpliat,2
Track11John,dkDurcGYTIpZdKl,2
Track11John,greek_paris_13,2
Track11John,jazz_daz,2
Track11John,komninos_lakis,2
Track11John,omadaalithias,2
TsigkaEfi,communakios,2
Volcom40893832,AdonisGeorgiadi,2
anasiropiastos,panta_tif,2
angelikitsakani,GP_74_,2
angelikitsakani,Kostopoulosdim1,2
angelikitsakani,MariaDecokeke,2
angelikitsakani,MsLouellaDeVil,2
angelikitsakani,SerraiaSofia,2
angelikitsakani,communakios,2
angelikitsakani,panta_tif,2
angelikitsakani,stathisdrogosis,2
angelikitsakani,zneraida,2
chkls,giannis_kalyvas,2
chrysib11,HFirstpriest,2
chrysib11,dimitris7987,2
chrysib11,ellada24,2
chrysib11,zneraida,2
galex1908,tomanifesto,2
giannMak,AdonisGeorgiadi,2
giannMak,HFirstpriest,2
giannMak,Harhalas,2
giannMak,IoannaDementi,2
giannMak,K_Sav215,2
giannMak,MirandaPrada_,2
giannMak,MsLouellaDeVil,2
giannMak,SMpliat,2
giannMak,elenasagiadinou,2
giannMak,omadaalithias,2
giannMak,stathisdrogosis,2
giannMak,tomanifesto,2
hatz_patty,4fABkkc5xTv2aek,2
hatz_patty,AgelisDimitris,2
hatz_patty,BenakisM,2
hatz_patty,vythos70,2
johnblandos,ArisBJJ,2
johnblandos,KTHopkins,2
johnblandos,MattCas04807118,2
johnblandos,Savsays,2
johnblandos,action24tv,2
johnblandos,ellada24,2
johnblandos,jazz_daz,2
johnblandos,zneraida,2
klikr,SkyNews,2
klikr,Technomagos,2
nickthegreek5,Akiratos_,2
nickthegreek5,AlexGavriilidis,2
nickthegreek5,DvsDvs60195368,2
nickthegreek5,EliAfriatISR,2
nickthegreek5,HFirstpriest,2
nickthegreek5,SMpliat,2
nickthegreek5,VividProwess,2
nickthegreek5,action24tv,2
nickthegreek5,aggeloschoriano,2
nickthegreek5,failosK,2
nickthegreek5,nikolaosderes,2
nickthegreek5,realMaalouf,2
nickthegreek5,taurothanos,2
nickthegreek5,unico11226,2
nickthegreek5,zneraida,2
paliakaravana59,AnAthenianToLDN,2
paliakaravana59,Cd_Julian_,2
paliakaravana59,Luna_Jones79,2
paliakaravana59,Vickytax1,2
paliakaravana59,WHLeavitt,2
paliakaravana59,isaacrrr7,2
paliakaravana59,nikglykos,2
paliakaravana59,vythos70,2
paliakaravana59,zneraida,2
sinakatsarou,LiberalGr,2
sinakatsarou,Mirsini1946041,2
sinakatsarou,hatz_patty,2
steiger_st28082,MirandaPrada_,2
theatropoios,ProtocolsWZion,2
vythos70,AlexGavriilidis,2
vythos70,AnAthenianToLDN,2
vythos70,Kostopoulosdim1,2
vythos70,Oliviaxrtx,2
vythos70,TARS955736,2
vythos70,ivoutsas,2
vythos70,nikglykos,2
vythos70,xuzin3sefh,2
46spiros,4fABkkc5xTv2aek,1
46spiros,AegeanHawk,1
46spiros,Agie2a,1
46spiros,Akiratos_,1
46spiros,Ander_Bruckes,1
46spiros,AppelaiosII,1
46spiros,ArisPortosalte,1
46spiros,Aristerotsolis,1
46spiros,C_Papachaviaris,1
46spiros,ChristossK54759,1
46spiros,Cynaegeirus2,1
46spiros,GreeceMFA,1
46spiros,GreekReporterr,1
46spiros,HellenicOlympic,1
46spiros,Heraclis_82,1
46spiros,HomerPavlos,1
46spiros,IDF,1
46spiros,IamKostasT,1
46spiros,Inevitablewest,1
46spiros,IoannaDementi,1
46spiros,JayinKyiv,1
46spiros,John_Fletcher70,1
46spiros,Kabamaru__n,1
46spiros,LelaAth,1
46spiros,LiberalGr,1
46spiros,MirandaPrada_,1
46spiros,Mirsini1946041,1
46spiros,NIKSOTIROPOYLOS,1
46spiros,NemesisGRE,1
46spiros,NikKo_ial,1
46spiros,OStergioudi,1
46spiros,Onisenko,1
46spiros,OratiosPoulos,1
46spiros,Ouinston,1
46spiros,PlakoudasSpyros,1
46spiros,PlanetZeroOne,1
46spiros,SarikasKostas,1
46spiros,ThanosTzimeros,1
46spiros,YpenGr,1
46spiros,action24tv,1
46spiros,arkas1971,1
46spiros,communakios,1
46spiros,efarpax_4,1
46spiros,georgemilon,1
46spiros,john88right,1
46spiros,konmanol1,1
46spiros,manolisgiz,1
46spiros,mariakalantze,1
46spiros,mpokotas,1
46spiros,petros_GR,1
46spiros,prokaliptika1,1
46spiros,stathisdrogosis,1
46spiros,steiger_st28082,1
46spiros,tassos4162,1
46spiros,taurothanos,1
46spiros,tomanifesto,1
46spiros,visegrad24,1
46spiros,whothefckyouth1,1
57lista,AnAthenianToLDN,1
57lista,arkas1971,1
57lista,panta_tif,1
ABCHeckles,AnAthenianToLDN,1
ABCHeckles,Beburosangel,1
ABCHeckles,DejaLogic,1
ABCHeckles,GGoudaras,1
ABCHeckles,GeorghyZhukov,1
ABCHeckles,ManifestHerGlow,1
ABCHeckles,MariaDecokeke,1
ABCHeckles,Mirsini1946041,1
ABCHeckles,Simonaki_,1
ABCHeckles,nikglykos,1
ABCHeckles,xrisaglm,1
Aaagiiisss,2etonne2p,1
Aaagiiisss,AlexDuncanTX,1
Aaagiiisss,C_3C_3,1
Aaagiiisss,ChristianEmerg1,1
Aaagiiisss,Cynaegeirus2,1
Aaagiiisss,DavidJHarrisJr,1
Aaagiiisss,GRHellasGR,1
Aaagiiisss,GeorghyZhukov,1
Aaagiiisss,GreekReporterr,1
Aaagiiisss,HellenicEchoes,1
Aaagiiisss,HellenicOlympic,1
Aaagiiisss,HomerPavlos,1
Aaagiiisss,JemappelleEve,1
Aaagiiisss,Nob0dymyname,1
Aaagiiisss,Rothmus,1
Aaagiiisss,ThanosTzimeros,1
Aaagiiisss,TheGreekPatriot,1
Aaagiiisss,annamlulis,1
Aaagiiisss,dtri2020,1
Aaagiiisss,penny_rage,1
Abovelaw13,GeorgeLiakopou2,1
Abovelaw13,Juan_Veron1908,1
Abovelaw13,OlgaBen1979,1
Abovelaw13,billy_schumi,1
Abovelaw13,eniiii2,1
Abovelaw13,galaxias1313,1
Abovelaw13,mpozos1981,1
AgelisDimitris,4fABkkc5xTv2aek,1
AgelisDimitris,AdonisGeorgiadi,1
AgelisDimitris,AnKapsalis,1
AgelisDimitris,AntiSyriza,1
AgelisDimitris,AppelaiosII,1
AgelisDimitris,ArisBJJ,1
AgelisDimitris,Heraclis_82,1
AgelisDimitris,IKOKKINAKOU,1
AgelisDimitris,Johnnyhoston_2,1
AgelisDimitris,Kozet97913705,1
AgelisDimitris,LelaAth,1
AgelisDimitris,Marria198,1
AgelisDimitris,Simonaki_,1
AgelisDimitris,TARS955736,1
AgelisDimitris,Theodoros674021,1
AgelisDimitris,Vickytax1,1
AgelisDimitris,arkas1971,1
AgelisDimitris,communakios,1
AgelisDimitris,consue_banana_,1
AgelisDimitris,deexX5566,1
AgelisDimitris,dimitris7987,1
AgelisDimitris,doubamari,1
AgelisDimitris,fortoseis,1
AgelisDimitris,g_m_theo,1
AgelisDimitris,gverikks,1
AgelisDimitris,jazz_daz,1
AgelisDimitris,jggkatas,1
AgelisDimitris,kafros_o,1
AgelisDimitris,mariakalantze,1
AgelisDimitris,mvlazaridis,1
AgelisDimitris,n_palaiopanou,1
AgelisDimitris,nick_tRNA,1
AgelisDimitris,nikglykos,1
AgelisDimitris,steiger_st28082,1
AgelisDimitris,steliostso,1
AgelisDimitris,taurothanos,1
AgelisDimitris,theiabebeka,1
Agie2a,AppelaiosII,1
Agie2a,IosifAvramoglou,1
Agie2a,NIKSOTIROPOYLOS,1
Agie2a,ThanosTzimeros,1
Agie2a,mariakalantze,1
Agie2a,sinakatsarou,1
AnAthenianToLDN,Arsenal,1
AnAthenianToLDN,ChampionsLeague,1
AnAthenianToLDN,SkyNews,1
AnAthenianToLDN,ellada24,1
AnAthenianToLDN,greek_paris_13,1
AnAthenianToLDN,klikr,1
AnAthenianToLDN,panta_tif,1
Anastasia7882,Cynaegeirus2,1
Anastasia7882,EYakoby,1
Anastasia7882,HFirstpriest,1
Anastasia7882,TodayinHistory,1
AndriotGreg,Agie2a,1
Anna_Moun,GeorghyZhukov,1
Anthology2026,1776General_,1
Anthology2026,2etonne2p,1
Anthology2026,LIBERTARIOgchg,1
Anthology2026,RealDonKeith,1
Anthology2026,SamanthaTaghoy,1
Anthology2026,TheKuhnerReport,1
Anthology2026,__darcelX__,1
Anthology2026,andreas_nigbur,1
Anthology2026,kosmasharismas,1
Anthology2026,lechochretien,1
Anthology2026,ncole_r,1
Anthology2026,papa_mat2,1
Anthology2026,pingzhang632,1
Anthology2026,rabbitholebot,1
Anthology2026,realMaalouf,1
ArgirNik,LiberalGr,1
ArisBJJ,AppelaiosII,1
ArisBJJ,Briassulis,1
ArisBJJ,Simonaki_,1
ArisBJJ,Track11John,1
ArisBJJ,communakios,1
ArisBJJ,fortoseis,1
ArisBJJ,omadaalithias,1
ArisBJJ,panta_tif,1
Asmoudis13,not_buford,1
AthanasiouCccp,Hey_jahid26,1
AthanasiouCccp,IoannaDementi,1
AthanasiouCccp,RockRock222555,1
AthanasiouCccp,elonmusk,1
AthanasiouCccp,ksorbs,1
BananaJoeReload,2Cowman57,1
BananaJoeReload,Loustros01,1
BananaJoeReload,SinodinosP,1
BananaJoeReload,avgias,1
Briassulis,AdonisGeorgiadi,1
Briassulis,AgelisDimitris,1
Briassulis,Archibalidis,1
Briassulis,ArisBJJ,1
Briassulis,DesiBell2,1
Briassulis,Dora_Bakoyannis,1
Briassulis,FLapsani,1
Briassulis,GP_74_,1
Briassulis,Harhalas,1
Briassulis,Heraclis_82,1
Briassulis,KostasParaske17,1
Briassulis,MARIAZAHARAKI,1
Briassulis,Mirsini1946041,1
Briassulis,P159646899P,1
Briassulis,c20902f64c1141d,1
Briassulis,chacakhan,1
Briassulis,pavlmarin,1
Briassulis,tomanifesto,1
CMentat,iointelresearch,1
Catps66,AlexGavriilidis,1
Catps66,BenakisM,1
Catps66,FT,1
Catps66,IosifAvramoglou,1
Catps66,John_Fletcher70,1
Catps66,Mirsini1946041,1
Catps66,Monika29698435,1
Catps66,MsLouellaDeVil,1
Catps66,Polymarket,1
Catps66,billxronopoulos,1
Catps66,greekcitytimes,1
Catps66,jazz_daz,1
Catps66,ta_nea,1
Catps66,tomanifesto,1
Catps66,tzavelaniki,1
CharilaosPapad1,HFirstpriest,1
CharilaosPapad1,dimitris7987,1
CharilaosPapad1,gverikks,1
CharilaosPapad1,ivoutsas,1
CharilaosPapad1,silaserafim,1
ChrisDarko39,Tiramolas_,1
DDeppied,CharaKara,1
DimitrisP69501,Johnnyhoston_2,1
DonConsclavios,AC_PAOK,1
DonConsclavios,ATHANASIOSLAMP3,1
DonConsclavios,ArisPortosalte,1
DonConsclavios,Dumlada1926,1
DonConsclavios,PAOKbasketball,1
DonConsclavios,ellada24,1
DonConsclavios,giannopoulos35,1
DonConsclavios,mvlazaridis,1
DonConsclavios,omadaalithias,1
DonConsclavios,sport24,1
EAdamopoulou,GeorghyZhukov,1
EthanAnargyrous,BenakisM,1
EthanAnargyrous,YpenGr,1
EthanAnargyrous,steiger_st28082,1
Evitel_,failosK,1
Fay82776914F,AppelaiosII,1
Fay82776914F,John_Fletcher70,1
Fay82776914F,MariaKoki3,1
Fay82776914F,Notorio_rbg,1
Fay82776914F,kikig_3,1
Fay82776914F,taurothanos,1
Fay82776914F,zneraida,1
Fotinh5,AgelisDimitris,1
Fotinh5,ellada24,1
Fotinh5,iefimerida,1
Fotinh5,steiger_st28082,1
FrankiKostas,AdonisGeorgiadi,1
G4Heron,FanakidiF,1
G4Heron,NikolaosSampat1,1
G4Heron,Omirosb,1
G4Heron,ToXantho,1
G4Heron,arisoikon,1
G4Heron,d_asimina,1
G4Heron,giorgoschris2,1
G4Heron,greek_paris_13,1
G4Heron,missvasileiou,1
G4Heron,o_rein,1
G4Heron,tadeefi2603,1
G4Heron,to_vatraxi,1
G4Heron,trescommeilfaut,1
GP_74_,BenakisM,1
GP_74_,panta_tif,1
GiotaPapapetrou,17017Nov,1
GiotaPapapetrou,3_soprano,1
GiotaPapapetrou,ASYMBIBAST74855,1
GiotaPapapetrou,BrigTheoxaris,1
GiotaPapapetrou,CKontaxake45095,1
GiotaPapapetrou,Electra306,1
GiotaPapapetrou,Evgely,1
GiotaPapapetrou,FGKPARGA,1
GiotaPapapetrou,FotisLv,1
GiotaPapapetrou,GeorgeTzorakas,1
GiotaPapapetrou,IKOKKINAKOU,1
GiotaPapapetrou,LKleitou,1
GiotaPapapetrou,La_bri_ni13,1
GiotaPapapetrou,Manos39218510,1
GiotaPapapetrou,MariaKoki3,1
GiotaPapapetrou,Mastiha7,1
GiotaPapapetrou,NomizwZw,1
GiotaPapapetrou,P159646899P,1
GiotaPapapetrou,SPIROSTHEONE,1
GiotaPapapetrou,SofiaKonst6071,1
GiotaPapapetrou,SofiaPaschalid,1
GiotaPapapetrou,ToulaTour,1
GiotaPapapetrou,XristinaP81,1
GiotaPapapetrou,YiannisYiannis8,1
GiotaPapapetrou,_theoulis,1
GiotaPapapetrou,aigiotissa,1
GiotaPapapetrou,aitheriaV,1
GiotaPapapetrou,babasi_pa,1
GiotaPapapetrou,carico1970,1
GiotaPapapetrou,dynLBfd1qCDivww,1
GiotaPapapetrou,eirini_georgia,1
GiotaPapapetrou,failosK,1
GiotaPapapetrou,fifi_apostolou,1
GiotaPapapetrou,galex1908,1
GiotaPapapetrou,liarda56,1
GiotaPapapetrou,litsagd,1
GiotaPapapetrou,m_floger,1
GiotaPapapetrou,n_palaiopanou,1
GiotaPapapetrou,nick_tRNA,1
GiotaPapapetrou,nyctalopos,1
GiotaPapapetrou,paristzina,1
GiotaPapapetrou,pavlospapadim,1
GiotaPapapetrou,skroutzblog,1
GiotaPapapetrou,sousourada92,1
GiotaPapapetrou,taurothanos,1
GiotaPapapetrou,teozyra1660040,1
GiotaPapapetrou,vicky_gnp,1
Greekprn,nypost,1
HouseElisabeth_,Cursed41926,1
HouseElisabeth_,GiorgosPap_96,1
HouseElisabeth_,PAOKland4,1
HouseElisabeth_,Thorvin1976,1
IK25818385,FoniLogikis_A_L,1
IK25818385,ScroogeKifissia,1
InafiZinaf1,AdonisGeorgiadi,1
InafiZinaf1,MsLouellaDeVil,1
JSweetGR,GeorghyZhukov,1
JSweetGR,HellenicOlympic,1
JSweetGR,Notorio_rbg,1
JSweetGR,Parkernomics,1
JSweetGR,mariavellou,1
JimyWis,Ander_Bruckes,1
JimyWis,Crzyhorse2,1
JimyWis,dimitris7987,1
JtfYiannis,GeorghyZhukov,1
JtfYiannis,zneraida,1
K_Sav215,Ant_Karaxalios,1
K_Sav215,BasketballCL,1
K_Sav215,BenakisM,1
K_Sav215,Ioannis_Nikitas,1
K_Sav215,JTPsaropoulos,1
K_Sav215,Loukas_7,1
K_Sav215,MargSchinas,1
K_Sav215,OknewsGr,1
K_Sav215,P159646899P,1
K_Sav215,Periklakkos,1
K_Sav215,Pierrakakis,1
K_Sav215,ReutersCommods,1
K_Sav215,SarikasKostas,1
K_Sav215,Thriassiogr,1
K_Sav215,arkas1971,1
K_Sav215,doubamari,1
K_Sav215,ellada24,1
K_Sav215,eucopresident,1
K_Sav215,greek_paris_13,1
K_Sav215,gvrettakos,1
K_Sav215,himeroscr,1
K_Sav215,iefimerida,1
K_Sav215,in_gr,1
K_Sav215,nick_tRNA,1
K_Sav215,pavlmarin,1
K_Sav215,stathisdrogosis,1
Kabamaru__n,Akiratos_,1
Konstan18155165,apablaze,1
KosmidisStathis,FLapsani,1
KosmidisStathis,Johnnyhoston_2,1
KosmidisStathis,Mirsini1946041,1
KosmidisStathis,gio_Kk23,1
Kostas18748292,GGoudaras,1
KyrPantelis3,CharaKara,1
KyrPantelis3,InterestingFck,1
LGkvas,AndriopoulosD,1
LGkvas,DejaLogic,1
LGkvas,DvsDvs60195368,1
LGkvas,GGoudaras,1
LGkvas,HellenicOlympic,1
LGkvas,bpapapanagiotou,1
LGkvas,doubamari,1
LGkvas,failosK,1
LGkvas,sohfangwei,1
LGkvas,steiger_st28082,1
Leniw_Lenia,andrikeloss,1
LitsaXarou,ToulaTour,1
LitsaXarou,mikros_prigkipa,1
Loxagos_Mark,AndriopoulosD,1
Loxagos_Mark,ArisBJJ,1
Loxagos_Mark,ArisPortosalte,1
Loxagos_Mark,BVisitSantorini,1
Loxagos_Mark,EEmerson14,1
Loxagos_Mark,GeorghyZhukov,1
Loxagos_Mark,HellenicOlympic,1
Loxagos_Mark,OratiosPoulos,1
Loxagos_Mark,RomioiLevantine,1
Loxagos_Mark,SarikasKostas,1
Loxagos_Mark,THEORTHOCHAT,1
Loxagos_Mark,acpanathinaikos,1
Loxagos_Mark,action24tv,1
Loxagos_Mark,aekbcgr,1
Loxagos_Mark,bpapapanagiotou,1
Loxagos_Mark,dimitris7987,1
Loxagos_Mark,eucopresident,1
Loxagos_Mark,ictinus_x,1
Loxagos_Mark,kadonkey,1
Loxagos_Mark,paohistorygr,1
Loxagos_Mark,selen_erdemm,1
Loxagos_Mark,viewsoff,1
MKioulafa,JGrant5291453,1
MKioulafa,LinconOsiris2,1
MKioulafa,omadaalithias,1
MKioulafa,pavlmarin,1
MariaKagia4603,ChristinaA43891,1
MariaKagia4603,GGoudaras,1
MariaKagia4603,Miss_Marple_r,1
MariaKagia4603,penny_rage,1
MariaKoki3,1693Cross,1
MariaKoki3,mariavellou,1
MasenkaMm230158,1693Cross,1
MasenkaMm230158,ArisPortosalte,1
MasenkaMm230158,DejaLogic,1
MasenkaMm230158,DimSterg1957,1
MasenkaMm230158,DvsDvs60195368,1
MasenkaMm230158,Elefthe49269299,1
MasenkaMm230158,MariaKoki3,1
MasenkaMm230158,THANASIGOUNARIS,1
MasenkaMm230158,elinampounia,1
MasenkaMm230158,ellada24,1
MasenkaMm230158,faiaki576,1
MasenkaMm230158,ferminadas85,1
MasenkaMm230158,georgemilon,1
MasenkaMm230158,panta_tif,1
MasenkaMm230158,penny_rage,1
MasenkaMm230158,queenshelleyh,1
MasenkaMm230158,taratsampoum,1
MenoEdo,0nDC6SV3nSndeQr,1
MenoEdo,4fABkkc5xTv2aek,1
MenoEdo,AITWLOS,1
MenoEdo,AdonisGeorgiadi,1
MenoEdo,AmIsrlChai,1
MenoEdo,AmanYavroum,1
MenoEdo,AndriopoulosD,1
MenoEdo,AppelaiosII,1
MenoEdo,Aristerotsolis,1
MenoEdo,DvsDvs60195368,1
MenoEdo,EliAfriatISR,1
MenoEdo,GESideris,1
MenoEdo,GeorghyZhukov,1
MenoEdo,Ioannis_Nikitas,1
MenoEdo,LMEuropeNews,1
MenoEdo,MariaDecokeke,1
MenoEdo,Natalia_yael4,1
MenoEdo,SarikasKostas,1
MenoEdo,Schopenhaueress,1
MenoEdo,Simonaki_,1
MenoEdo,VividProwess,1
MenoEdo,arkas1971,1
MenoEdo,dimitris7987,1
MenoEdo,failosK,1
MenoEdo,haaha_bou,1
MenoEdo,hellasspecial,1
MenoEdo,kostasp194,1
MenoEdo,mariakalantze,1
MenoEdo,oikonomikon,1
MenoEdo,omadaalithias,1
MenoEdo,verazeras,1
Mrpresidentgr,Avk50117339,1
Mrpresidentgr,Nob0dymyname,1
Mrpresidentgr,ictinus_x,1
Myrtilo01,P159646899P,1
Myrtilo01,VividProwess,1
Myrtilo01,YpenGr,1
Myrtilo01,omadaalithias,1
NickDanny99,ilpresidenteh,1
NodarasSpiros,MsLouellaDeVil,1
NodarasSpiros,gverikks,1
NodarasSpiros,omadaalithias,1
Nogate_T,LeonardTroland,1
NonameTZ,DoraZip,1
NonameTZ,IoannaDementi,1
NonameTZ,dtri2020,1
NonameTZ,steiger_st28082,1
OratiosPoulos,panta_tif,1
PanosStayis,ByJimbob,1
PiraeusStef,mariavellou,1
PitSpencer,AthanasiouCccp,1
PitSpencer,Cynaegeirus2,1
PitSpencer,EYakoby,1
PitSpencer,EnoplosGr,1
PitSpencer,GeorghyZhukov,1
PitSpencer,LMEuropeNews,1
PitSpencer,NikosRHuda,1
PitSpencer,Rena_Rethymno,1
PitSpencer,RomioiLevantine,1
PitSpencer,SaltyGoat17,1
PitSpencer,WassonWatch,1
PitSpencer,arkas1971,1
PitSpencer,dimitris7987,1
PitSpencer,efarpax_4,1
PitSpencer,haaha_bou,1
PitSpencer,hellasspecial,1
PitSpencer,omadaalithias,1
PitSpencer,panta_tif,1
PitSpencer,realMaalouf,1
Placebo_0,AncientHistorry,1
Placebo_0,DTsakoniti,1
Placebo_0,insomniacgames,1
Placebo_0,orthodox_33ad,1
Placebo_0,rjohn9596,1
QuercusLg,EFourti,1
QuercusLg,PNWG_NATURE,1
RGialama8386,tzon_t,1
RXRqdEgogik2Z9P,ntalaoura,1
Realism_47,GeorghyZhukov,1
RockRock222555,AAAprosarmostos,1
RockRock222555,AdonisGeorgiadi,1
RockRock222555,Akiratos_,1
RockRock222555,Atane_MIS,1
RockRock222555,Dadkhahedaymah,1
RockRock222555,Harhalas,1
RockRock222555,Heraclis_82,1
RockRock222555,JeanMessiha,1
RockRock222555,Johnnyhoston_2,1
RockRock222555,Mirsini1946041,1
RockRock222555,NicDam4,1
RockRock222555,NikosRHuda,1
RockRock222555,Ouinston,1
RockRock222555,SMpliat,1
RockRock222555,ThanosTzimeros,1
RockRock222555,aikarerina,1
RockRock222555,arkas1971,1
RockRock222555,carico1970,1
RockRock222555,dimitris7987,1
RockRock222555,diol2n,1
RockRock222555,dtri2020,1
RockRock222555,estetikos5,1
RockRock222555,failosK,1
RockRock222555,ioannisekolovos,1
RockRock222555,mariakalantze,1
RockRock222555,olympiada,1
RockRock222555,panagiotis501,1
RockRock222555,penny_rage,1
RockRock222555,rightsidefreee,1
RockRock222555,sohfangwei,1
SagamoreMount,AdonisGeorgiadi,1
SagamoreMount,MirandaPrada_,1
SagamoreMount,gverikks,1
SagamoreMount,michaeldweiss,1
ScroogeKifissia,Left_Spear,1
ScroogeKifissia,NikosMichailid4,1
ScroogeKifissia,SXakousti,1
ScroogeKifissia,SinodinosP,1
ScroogeKifissia,_bilnas7__,1
ScroogeKifissia,blackmore_r,1
ScroogeKifissia,horexitoueater,1
ScroogeKifissia,machiavelli_gr,1
ScroogeKifissia,mikronous,1
TetraLogiki,AdonisGeorgiadi,1
ThanosKten,omadaalithias,1
ThanosTzimeros,4fABkkc5xTv2aek,1
ThanosTzimeros,AmericaPapaBear,1
ThanosTzimeros,DejaLogic,1
ThanosTzimeros,LizaRosen0000,1
ThanosTzimeros,NikKo_ial,1
ThanosTzimeros,OTHONDRAKATOS,1
ThanosTzimeros,VividProwess,1
ThanosTzimeros,arkas1971,1
ThanosTzimeros,efarpax_4,1
ThanosTzimeros,mariakalantze,1
ThanosTzimeros,olympiada,1
ThanosTzimeros,rkaliviotis,1
TheMadoula,4fABkkc5xTv2aek,1
TheMadoula,ArisBJJ,1
TheMadoula,EAdamopoulou,1
TheMadoula,GiotaPapapetrou,1
TheMadoula,Rena_Rethymno,1
TheMadoula,Simonaki_,1
TheMadoula,VICKYK86529099,1
TheMadoula,gospodinmedvedd,1
TheMadoula,mariavellou,1
TheMadoula,n_palaiopanou,1
TheMadoula,panta_tif,1
TheMadoula,queenshelleyh,1
TheMadoula,taurothanos,1
TheMadoula,vythos70,1
Tina5996,nikglykos,1
Torquem21743459,ArisPortosalte,1
Torquem21743459,bpapapanagiotou,1
Track11John,4fABkkc5xTv2aek,1
Track11John,AgelisDimitris,1
Track11John,ArisPortosalte,1
Track11John,Augusta1C,1
Track11John,DesiBell2,1
Track11John,Dora_Bakoyannis,1
Track11John,EliAfriatISR,1
Track11John,FLapsani,1
Track11John,HRessed,1
Track11John,Harhalas,1
Track11John,HarrisSamaras,1
Track11John,Heraclis_82,1
Track11John,Iliasrep,1
Track11John,IppolitoCaffi,1
Track11John,KosmidisStathis,1
Track11John,Kyvernitiparat1,1
Track11John,LMEuropeNews,1
Track11John,MARIAZAHARAKI,1
Track11John,MirandaPrada_,1
Track11John,OratiosPoulos,1
Track11John,Ouinston,1
Track11John,P159646899P,1
Track11John,Pierrakakis,1
Track11John,Rena_Rethymno,1
Track11John,So_Fren,1
Track11John,TheodoreLiolios,1
Track11John,TigayBarry,1
Track11John,VividProwess,1
Track11John,__darcelX__,1
Track11John,a_loverdos,1
Track11John,action24tv,1
Track11John,angie22gr,1
Track11John,apablaze,1
Track11John,billxronopoulos,1
Track11John,bpapapanagiotou,1
Track11John,fredisbeleris,1
Track11John,gvrettakos,1
Track11John,htheoharis,1
Track11John,kostasp194,1
Track11John,mamba_aka,1
Track11John,mariakalantze,1
Track11John,pavlmarin,1
Track11John,petrosoutsis,1
Track11John,prokaliptika1,1
Track11John,sinakatsarou,1
Track11John,skaigr,1
Track11John,theodorekollias,1
TsigkaEfi,ArisPortosalte,1
TsigkaEfi,Johnnyhoston_2,1
TsigkaEfi,Mirsini1946041,1
TsigkaEfi,panta_tif,1
TsigkaEfi,prng2777,1
TsigkaEfi,taurothanos,1
TsigkaEfi,zneraida,1
VIVITV5,IamKostasT,1
VIVITV5,dimitris7987,1
Volcom40893832,eucopresident,1
Xeniaxe19580370,2etonne2p,1
Xeniaxe19580370,HenryJP55,1
Xeniaxe19580370,HungaryBased,1
Xeniaxe19580370,JeanMessiha,1
Xeniaxe19580370,MAGANEWS_X,1
Xeniaxe19580370,MatrixMysteries,1
Xeniaxe19580370,Niw451,1
Xeniaxe19580370,RRomani1973,1
Xeniaxe19580370,isaacrrr7,1
Xeniaxe19580370,liz_churchill10,1
Xeniaxe19580370,oikonomikon,1
Xeniaxe19580370,panagiotis501,1
Xeniaxe19580370,realMaalouf,1
ZbejVty,Marionka16,1
ZbejVty,SMpliat,1
ZbejVty,ZbejVty,1
ZbejVty,nasos19791979,1
ZbejVty,vythos70,1
aekzurich21,aekbcgr,1
aekzurich21,stathisdrogosis,1
agapornis_mask,tazmanolis,1
aggelikiME25,1101101_10,1
aggelikiME25,AITWLOS,1
aggelikiME25,Alexjk1975,1
aggelikiME25,BasketNews_com,1
aggelikiME25,BigGameTae,1
aggelikiME25,DonDarma13,1
aggelikiME25,G4Heron,1
aggelikiME25,GiotaPapapetrou,1
aggelikiME25,Karaflademon,1
aggelikiME25,Latreia13,1
aggelikiME25,MUGABE_ROBERT_,1
aggelikiME25,NIGEL_HAYES,1
aggelikiME25,O_fatseas_sas,1
aggelikiME25,TKontaxiou,1
aggelikiME25,TheMaltus,1
aggelikiME25,Trikalinos131,1
aggelikiME25,antarasfg,1
aggelikiME25,loveepls,1
aggelikiME25,mm_professork,1
aggelikiME25,ola_ekso,1
aggelikiME25,ovlepw,1
aggelikiME25,pasxalia4,1
agnwstos_x_,Vathipigadi,1
akrokentrwos_2,Haberler,1
amantomatimou,BBCNews,1
amantomatimou,BoyanSlat,1
amantomatimou,FootyHumour,1
amantomatimou,Sea_Bass_J,1
anarchistdonkey,8_gaci,1
anarchistdonkey,AEK_FC_OFFICIAL,1
anarchistdonkey,Footballfights,1
anarchistdonkey,Lukarone21,1
anarchistdonkey,Marinaaa_eirini,1
anarchistdonkey,Technomagos,1
anarchistdonkey,leofloros1908,1
anarchistdonkey,panta_tif,1
anarchistdonkey,sombrerogr,1
anasiropiastos,mariavellou,1
anastassios2401,AdamJSchwarz,1
anastassios2401,GeorghyZhukov,1
anastassios2401,Johnnyhoston_2,1
anastassios2401,VividProwess,1
anastassios2401,jurgen_nauditt,1
anastassios2401,manoliskalatzis,1
angelikitsakani,Akiratos_,1
angelikitsakani,AnAthenianToLDN,1
angelikitsakani,AndriopoulosD,1
angelikitsakani,ArisBJJ,1
angelikitsakani,Aristerotsolis,1
angelikitsakani,IoannaDementi,1
angelikitsakani,John_Fletcher70,1
angelikitsakani,LKleitou,1
angelikitsakani,MirandaPrada_,1
angelikitsakani,Mirsini1946041,1
angelikitsakani,NodarasSpiros,1
angelikitsakani,Ouinston,1
angelikitsakani,PharmaTsif,1
angelikitsakani,Theodoros674021,1
angelikitsakani,__darcelX__,1
angelikitsakani,action24tv,1
angelikitsakani,arkas1971,1
angelikitsakani,dtri2020,1
angelikitsakani,elenasagiadinou,1
angelikitsakani,elivasilopoulou,1
angelikitsakani,failosK,1
angelikitsakani,gospodinmedvedd,1
angelikitsakani,mariakalantze,1
angelikitsakani,mvlazaridis,1
angelikitsakani,nikglykos,1
angelikitsakani,pavlmarin,1
angelikitsakani,realMaalouf,1
angelikitsakani,tassos4162,1
angelikitsakani,verazeras,1
angelikitsakani,vickyfnd,1
bobidion,realMaalouf,1
bolltzmann,mpoumpivol2,1
chkls,BenakisM,1
chkls,ChrisWillx,1
chkls,Johnnyhoston_2,1
chkls,PlakoudasSpyros,1
chkls,TheRabbitHole,1
chkls,arisoikon,1
chrysib11,2etonne2p,1
chrysib11,AdonisGeorgiadi,1
chrysib11,AnAthenianToLDN,1
chrysib11,BenakisM,1
chrysib11,DvsDvs60195368,1
chrysib11,EFischberger,1
chrysib11,EricLDaugh,1
chrysib11,GGoudaras,1
chrysib11,Inevitablewest,1
chrysib11,JayinKyiv,1
chrysib11,MOSSADil,1
chrysib11,MargSchinas,1
chrysib11,MarketNewsgr,1
chrysib11,MirandaPrada_,1
chrysib11,Mirsini1946041,1
chrysib11,SMpliat,1
chrysib11,carico1970,1
chrysib11,failosK,1
chrysib11,hellaspecial,1
chrysib11,liamcunningham1,1
chrysib11,manoliskalatzis,1
chrysib11,mvlazaridis,1
chrysib11,n_palaiopanou,1
chrysib11,nick_tRNA,1
chrysib11,omadaalithias,1
communakios,eucopresident,1
despica67766915,Nickfarc19,1
dimitris7987,HFirstpriest,1
dimitris7987,PlakiasNikos,1
dimitris7987,tomanifesto,1
dkDurcGYTIpZdKl,IoannaDementi,1
economi94461498,washington_EY,1
evangelia_re,DejaLogic,1
evangelia_re,JSweetGR,1
evangelia_re,gverikks,1
foivos_trikkis_,DollyH25,1
foivos_trikkis_,Fantasy_gReek,1
foivos_trikkis_,UndiagnosedMode,1
foivos_trikkis_,panaotis_,1
foivos_trikkis_,tourgkenief,1
foivos_trikkis_,xeftila20,1
frel_elias,BarbaraKain1,1
frel_elias,CelestaMs49332,1
g_m_theo,dimitris7987,1
galex1908,AngelikeManika,1
galex1908,KikiXas,1
galex1908,Lover12163,1
galex1908,ToulaTour,1
galex1908,elenasagiadinou,1
galex1908,ellada24,1
galex1908,fifi_apostolou,1
galex1908,g_evgenidis,1
galex1908,jazz_daz,1
galex1908,litsagd,1
galex1908,omadaalithias,1
galex1908,pavlmarin,1
galex1908,skaigr,1
giannMak,AgelisDimitris,1
giannMak,Akiratos_,1
giannMak,Amalia97027643,1
giannMak,AnAthenianToLDN,1
giannMak,AndriopoulosD,1
giannMak,Aristerotsolis,1
giannMak,Arya_eu_,1
giannMak,AthanasiouCccp,1
giannMak,BenakisM,1
giannMak,DoraZip,1
giannMak,Dora_Bakoyannis,1
giannMak,DvsDvs60195368,1
giannMak,GGoudaras,1
giannMak,GP_74_,1
giannMak,Kostopoulosdim1,1
giannMak,MarketNewsgr,1
giannMak,Mrpresidentgr,1
giannMak,NicDam4,1
giannMak,RockRock222555,1
giannMak,TheodoreLiolios,1
giannMak,__darcelX__,1
giannMak,action24tv,1
giannMak,bruidsjonker_1,1
giannMak,failosK,1
giannMak,gospodinmedvedd,1
giannMak,hellasspecial,1
giannMak,ivoutsas,1
giannMak,k_oppenheimer,1
giannMak,koinonou,1
giannMak,mmoutafides,1
giannMak,myrtozax,1
giannMak,nick_tRNA,1
giannMak,nikolaosderes,1
giannMak,nikos_aggelakis,1
giannMak,niktop,1
giannMak,pavlmarin,1
giannMak,realMaalouf,1
giannMak,steiger_st28082,1
giannMak,unico11226,1
greek_paris_13,CypThess,1
greek_paris_13,HistoryCyprus,1
greek_paris_13,HomerPavlos,1
greek_paris_13,IamKostasT,1
greek_paris_13,MargSchinas,1
greek_paris_13,XristinaXatz3,1
greek_paris_13,anarchistdonkey,1
greek_paris_13,consue_banana_,1
greek_paris_13,elenasagiadinou,1
greek_paris_13,eucopresident,1
greek_paris_13,ictinus_x,1
greek_paris_13,nikos_aggelakis,1
greek_paris_13,prokaliptika1,1
hatz_patty,AnAthenianToLDN,1
hatz_patty,Buraq515,1
hatz_patty,LeonardTroland,1
hatz_patty,Local_Bureau,1
hatz_patty,MariaDecokeke,1
hatz_patty,Ouinston,1
hatz_patty,PetrosVanRipper,1
hatz_patty,PlakiasNikos,1
hatz_patty,Simonaki_,1
hatz_patty,VICKYK86529099,1
hatz_patty,elenasagiadinou,1
hatz_patty,failosK,1
hatz_patty,mmoutafides,1
hatz_patty,mpantazo,1
hatz_patty,pavlmarin,1
hatz_patty,steliostso,1
hatz_patty,taurothanos,1
hatz_patty,vasilisxatzis13,1
hatz_patty,vickyfnd,1
hellaspecial,PlakoudasSpyros,1
hellaspecial,alyonapopova,1
ippotech,GP_74_,1
ippotech,dtri2020,1
isidoragiou1,ConstantineLad,1
johnblandos,4thOfJuly365,1
johnblandos,AgelisDimitris,1
johnblandos,BasilTheGreat,1
johnblandos,EricLDaugh,1
johnblandos,GriftReport,1
johnblandos,HFirstpriest,1
johnblandos,Ilegvm,1
johnblandos,LKleitou,1
johnblandos,Mappy6984,1
johnblandos,Milajoy,1
johnblandos,TRobinsonNewEra,1
johnblandos,g_m_theo,1
johnblandos,gecffmn,1
johnblandos,greek_paris_13,1
johnblandos,hellaspecial,1
johnblandos,lucyshow11,1
johnblandos,nicksortor,1
johnblandos,nikolaosderes,1
johnblandos,tpusafaith,1
jparthen,LiberalGr,1
jparthen,n_palaiopanou,1
jparthen,tzavelaniki,1
klikr,G4Heron,1
klikr,HellenicOlympic,1
klikr,Ioannis_Nikitas,1
klikr,LMEuropeNews,1
klikr,PsyGuy007,1
klikr,QuokkaX,1
klikr,RaminNasibov,1
klikr,Rena_Rethymno,1
klikr,Rothmus,1
klikr,SarikasKostas,1
klikr,hmardiris,1
klikr,iefimerida,1
kokkoriss,AdonisGeorgiadi,1
kostasagg1965,MariosLouc44788,1
kostasagg1965,unico11226,1
kostasp194,Mirsini1946041,1
lafillemalgard1,Alyunan00,1
lafillemalgard1,JamesLucasIT,1
lafillemalgard1,baccheuo,1
lafillemalgard1,wadainotwi,1
le1li,voicenewsgr,1
ledentiste2,Marinaaa_eirini,1
ledentiste2,ProtocolsWZion,1
ledentiste2,anarchistdonkey,1
ledentiste2,ips1987,1
loudovikos14os,FootyHumour,1
madonnamaniac,COADF2,1
madonnamaniac,JustJared,1
madonnamaniac,MadonnaUltimate,1
madonnamaniac,MuuMuse,1
madonnamaniac,PowPowPleasures,1
madonnamaniac,Recylopse,1
madonnamaniac,Rickatycat,1
madonnamaniac,SpotifyMexico,1
madonnamaniac,iHeartRadio,1
madonnamaniac,lirouleo_,1
madonnamaniac,madgefan14,1
madonnamaniac,mdnaspears_,1
margko73,Satanna33,1
margko73,druginaplug,1
margko73,pharmaki500mg,1
margko73,tbickle1976,1
matrixneo1979,BazingaGR,1
michael_exc,ArcheusLore,1
michael_exc,IRGCarabic,1
michael_exc,ShangguanJiewen,1
michael_exc,persianserene2,1
moonshinegr,GeorghyZhukov,1
mpantazo,57lista,1
mpantazo,ArisBJJ,1
mpantazo,Aristerotsolis,1
mpantazo,DvsDvs60195368,1
mpantazo,John_Fletcher70,1
mpantazo,MirandaPrada_,1
mpantazo,Mirsini1946041,1
mpantazo,arkas1971,1
mpantazo,ellada24,1
mpantazo,eucopresident,1
mpantazo,ivoutsas,1
mpantazo,steiger_st28082,1
nickthegreek5,AmericaPapaBear,1
nickthegreek5,AnAthenianToLDN,1
nickthegreek5,ApproachNemesis,1
nickthegreek5,ArisBJJ,1
nickthegreek5,Aristerotsolis,1
nickthegreek5,BohuslavskaKate,1
nickthegreek5,Curious_Ches,1
nickthegreek5,Cynaegeirus2,1
nickthegreek5,DejaLogic,1
nickthegreek5,DoraZip,1
nickthegreek5,Erinmat81855855,1
nickthegreek5,GuntherEagleman,1
nickthegreek5,Harhalas,1
nickthegreek5,HellenicOlympic,1
nickthegreek5,Hombrelmparable,1
nickthegreek5,HomerPavlos,1
nickthegreek5,Inevitablewest,1
nickthegreek5,JSweetGR,1
nickthegreek5,LeonardTroland,1
nickthegreek5,LizaRosen0000,1
nickthegreek5,MKioulafa,1
nickthegreek5,MariaDecokeke,1
nickthegreek5,MirandaPrada_,1
nickthegreek5,Monika29698435,1
nickthegreek5,NicDam4,1
nickthegreek5,NikosMichael6,1
nickthegreek5,NiohBerg,1
nickthegreek5,NodarasSpiros,1
nickthegreek5,OratiosPoulos,1
nickthegreek5,P0eMPieDinges,1
nickthegreek5,RealBababanaras,1
nickthegreek5,Rena_Rethymno,1
nickthegreek5,RockRock222555,1
nickthegreek5,SaP011,1
nickthegreek5,SarikasKostas,1
nickthegreek5,Simonaki_,1
nickthegreek5,TRobinsonNewEra,1
nickthegreek5,Tiramolas_,1
nickthegreek5,Veltsi_Legacy,1
nickthegreek5,Vickytax1,1
nickthegreek5,arkas1971,1
nickthegreek5,atairiastos,1
nickthegreek5,billxronopoulos,1
nickthegreek5,bpapapanagiotou,1
nickthegreek5,dimitris7987,1
nickthegreek5,dtri2020,1
nickthegreek5,eduardomenoni,1
nickthegreek5,eltaniets,1
nickthegreek5,g_m_theo,1
nickthegreek5,gverikks,1
nickthegreek5,htheoharis,1
nickthegreek5,ivoutsas,1
nickthegreek5,iwanonotsj,1
nickthegreek5,liz_churchill10,1
nickthegreek5,matzyian,1
nickthegreek5,myrtozax,1
nickthegreek5,n_palaiopanou,1
nickthegreek5,nick_tRNA,1
nickthegreek5,niktop,1
nickthegreek5,nprepalas,1
nickthegreek5,panagiotis501,1
nickthegreek5,smartassPePa1,1
nickthegreek5,steiger_st28082,1
nickthegreek5,tazmanolis,1
nickthegreek5,tzavelaniki,1
nickthegreek5,verazeras,1
nickthegreek5,visegrad24,1
nilsholgerson_,P0eMPieDinges,1
nilsholgerson_,ThanosTzimeros,1
nilsholgerson_,__darcelX__,1
pOURc3ero9j906K,GeorghyZhukov,1
paliakaravana59,AdonisGeorgiadi,1
paliakaravana59,Alinavisooo,1
paliakaravana59,CastilloLe58494,1
paliakaravana59,CnklWasabi,1
paliakaravana59,Eman5695,1
paliakaravana59,FireandRain23,1
paliakaravana59,ForgiatoBlow47,1
paliakaravana59,HFirstpriest,1
paliakaravana59,Jeannettestile4,1
paliakaravana59,KerryTsolakis,1
paliakaravana59,Konstadino67183,1
paliakaravana59,LibertyNut1,1
paliakaravana59,LizaRosen0000,1
paliakaravana59,MAGANEWS_X,1
paliakaravana59,MarieFantom337,1
paliakaravana59,MbarkCherguia,1
paliakaravana59,Mirsini1946041,1
paliakaravana59,Mofoman360,1
paliakaravana59,MsLouellaDeVil,1
paliakaravana59,Natalia_yael4,1
paliakaravana59,Niw451,1
paliakaravana59,NoeWehrtSich,1
paliakaravana59,PsyGuy007,1
paliakaravana59,RRomani1973,1
paliakaravana59,SaltyGoat17,1
paliakaravana59,Simonaki_,1
paliakaravana59,Sonerkorkmaz38,1
paliakaravana59,Tiramolas_,1
paliakaravana59,ToroSinExcusas,1
paliakaravana59,VividProwess,1
paliakaravana59,WizdoctorV,1
paliakaravana59,amyjohsonwh,1
paliakaravana59,bobidion,1
paliakaravana59,csynnefo,1
paliakaravana59,david_arcano,1
paliakaravana59,deexX5566,1
paliakaravana59,donbasilioplus,1
paliakaravana59,gverikks,1
paliakaravana59,its_The_Dr,1
paliakaravana59,jaeraladraosz,1
paliakaravana59,janninereid1,1
paliakaravana59,konmanol1,1
paliakaravana59,la_france_sur_x,1
paliakaravana59,mounoskylo,1
paliakaravana59,niktop,1
paliakaravana59,panapotis,1
paliakaravana59,pioupiou_v,1
paliakaravana59,qelouki,1
paliakaravana59,sharonjames90,1
paliakaravana59,shkeela1278,1
paliakaravana59,shlomopolak580,1
paliakaravana59,xuzin3sefh,1
papa_vaso,Eman_8282,1
parodynews,BohuslavskaKate,1
phtochos1,Athanasiosfara1,1
pnevan11,Kaybedlerklbu,1
ptableart,MsLouellaDeVil,1
ptableart,ellada24,1
ptableart,hellaspecial,1
ptableart,isaacrrr7,1
silaserafim,Ander_Bruckes,1
silaserafim,Kasparov63,1
silaserafim,Onisenko,1
silaserafim,Partisan_12,1
silaserafim,PaulleyTicks,1
silaserafim,RestIsPolitics,1
silaserafim,RpsAgainstTrump,1
silaserafim,allenanalysis,1
silaserafim,cturnbull1968,1
silaserafim,jurgen_nauditt,1
silaserafim,makisv1,1
silaserafim,newrepublic,1
silaserafim,stathisdrogosis,1
silaserafim,thatdayin1992,1
sinakatsarou,Aristerotsolis,1
sinakatsarou,BlackMa1234,1
sinakatsarou,Briassulis,1
sinakatsarou,IoannisKatsoul2,1
sinakatsarou,K_Sav215,1
sinakatsarou,KostasKatsiras,1
sinakatsarou,MariaDecokeke,1
sinakatsarou,MenoEdo,1
sinakatsarou,NicDam4,1
sinakatsarou,VICKYK86529099,1
sinakatsarou,VforVolemenos,1
sinakatsarou,Voice75848495,1
sinakatsarou,angelikitsakani,1
sinakatsarou,cleo_512,1
sinakatsarou,elenasagiadinou,1
sinakatsarou,ellada24,1
sinakatsarou,failosK,1
sinakatsarou,fifi_apostolou,1
sinakatsarou,gvrettakos,1
sinakatsarou,hellaspecial,1
sinakatsarou,iefimerida,1
sinakatsarou,ivoutsas,1
sinakatsarou,mamba_aka,1
sinakatsarou,mmoutafides,1
sinakatsarou,smartassPePa1,1
sinakatsarou,vythos70,1
sinakatsarou,zneraida,1
steiger_st28082,MsLouellaDeVil,1
steiger_st28082,P159646899P,1
steiger_st28082,thetis2001,1
steiger_st28082,tzavelaniki,1
tasoskar11,AdonisGeorgiadi,1
tasoskar11,Harhalas,1
tasoskar11,nikglykos,1
teo_ntaleki,BrigTheoxaris,1
teo_ntaleki,CNviolations,1
teo_ntaleki,ThanosTzimeros,1
teo_ntaleki,realMaalouf,1
teo_ntaleki,somethingrand77,1
teo_ntaleki,zneraida,1
theatropoios,5channel,1
theatropoios,BohuslavskaKate,1
theatropoios,IsraelintheGulf,1
theatropoios,Jo_Fitou_ssi,1
theatropoios,LvivJournal,1
theatropoios,MargoGontar,1
theatropoios,XyzContagion,1
theatropoios,sternenko,1
theatropoios,warrior_na92602,1
themagus2022,AHD_from_TX,1
themagus2022,PastPaulitics,1
themagus2022,TheLaurenChen,1
vythos70,ABCHeckles,1
vythos70,Ani_sorropi,1
vythos70,Chrysa46958080,1
vythos70,DejaLogic,1
vythos70,Dora_Bakoyannis,1
vythos70,GGoudaras,1
vythos70,GiotaPapapetrou,1
vythos70,HFirstpriest,1
vythos70,Kevin64794212,1
vythos70,MirandaPrada_,1
vythos70,MsLouellaDeVil,1
vythos70,OzgurCreativity,1
vythos70,P159646899P,1
vythos70,PK001366207,1
vythos70,PharmaTsif,1
vythos70,THANASIGOUNARIS,1
vythos70,aggeloschoriano,1
vythos70,arisrevolution1,1
vythos70,cutestmaja,1
vythos70,daskalosakis,1
vythos70,deexX5566,1
vythos70,eucopresident,1
vythos70,gverikks,1
vythos70,jazz_daz,1
vythos70,mariakalantze,1
vythos70,n_palaiopanou,1
vythos70,panagiotis501,1
vythos70,praktikiskepsi,1
vythos70,qelouki,1
vythos70,sinakatsarou,1
vythos70,stathisdrogosis,1
vythos70,steiger_st28082,1
vythos70,xwrikos,1
vythos70,zneraida,1
xariszak2,4thOfJuly365,1
xariszak2,K_Sav215,1
xariszak2,TheBest_Viral,1
