account_handle,in_member_list,tweet_count,retweet_count,original_count,quote_count,retweet_ratio,first_retweeter_count,unique_retweeted_tweet_count,unique_retweeted_author_count,retweets_to_member_count,retweets_to_member_ratio,top_amplified_account,top_amplified_count,top_amplified_share,hashtag_count,mention_count,followers_count,friends_count,statuses_count,account_created_at,default_profile,default_profile_image,is_blue_verified,profile_description_language,coordination_score
ABCHeckles,True,48,48,0,8,1.0,37,48,34,22,0.4583,AnAthenianToLDN,5,0.1042,3,6,5959,4330,205553,2012-11-16T21:25:29+02:00,True,False,False,el,82.92
economi94461498,True,44,44,0,1,1.0,23,44,36,17,0.3864,n_palaiopanou,4,0.0909,10,40,1356,332,226062,2019-12-15T14:25:21+02:00,True,False,False,,81.71
46spiros,True,225,225,0,37,1.0,109,225,128,89,0.3956,ellada24,9,0.04,91,84,1117,384,262341,2013-04-24T11:55:26+03:00,True,False,False,und,81.33
chrysib11,True,151,151,0,27,1.0,63,151,106,53,0.351,K_Sav215,7,0.0464,19,53,3815,5569,465330,2014-02-18T00:30:27+02:00,True,False,False,und,80.73
Catps66,True,51,51,0,5,1.0,26,51,34,16,0.3137,ellada24,4,0.0784,12,9,1057,2643,32131,2022-02-26T11:26:03+02:00,True,False,False,en,80.49
angie22gr,True,54,54,0,16,1.0,30,54,36,16,0.2963,vickyfnd,5,0.0926,20,14,24467,15656,509036,2012-05-16T18:56:38+03:00,False,False,False,el,80.37
MasenkaMm230158,True,60,60,0,15,1.0,27,60,36,16,0.2667,KatKatPt,7,0.1167,5,3,603,393,32886,2021-03-25T02:06:02+02:00,True,False,False,,80.17
Myrtilo01,True,83,83,0,1,1.0,39,83,45,22,0.2651,ellada24,8,0.0964,24,25,308,339,19855,2011-06-22T23:17:59+03:00,False,False,False,en,79.94
Loxagos_Mark,True,70,70,0,7,1.0,38,70,53,18,0.2571,omadaalithias,4,0.0571,21,15,7007,7425,302021,2013-02-17T16:08:28+02:00,True,False,True,el,79.43
fifi_apostolou,True,62,62,0,16,1.0,53,62,42,14,0.2258,tomanifesto,6,0.0968,38,13,5238,3895,618458,2013-04-29T20:37:29+03:00,False,False,False,und,79.36
PitSpencer,True,54,54,0,14,1.0,29,54,49,11,0.2037,prokaliptika1,3,0.0556,14,8,972,2005,51422,2023-01-09T20:53:33+02:00,True,False,False,,78.61
galex1908,True,96,96,0,1,1.0,72,96,63,17,0.1771,tomanifesto,8,0.0833,23,14,16210,17333,593219,2012-09-22T21:24:05+03:00,False,False,False,el,78.49
fanis_rc,True,46,46,0,2,1.0,38,46,38,8,0.1739,PtisiMagazine,4,0.087,6,7,2027,7293,286071,2023-02-23T17:38:30+02:00,True,False,False,en,78.48
dinoskonstantin,True,100,100,0,12,1.0,79,100,71,12,0.12,RadioGenoa,8,0.08,24,10,2773,5004,79346,2013-10-16T08:33:24+03:00,False,False,False,,77.6
NikosVsdl8,True,44,44,0,21,1.0,38,44,38,6,0.1364,__darcelX__,2,0.0455,5,18,497,1413,39082,2024-11-30T20:05:13+02:00,True,False,False,,77.5
Aaagiiisss,True,35,35,0,10,1.0,20,35,27,3,0.0857,realMaalouf,4,0.1143,8,2,716,1391,49611,2017-07-11T22:42:25+03:00,True,False,False,el,77.43
paliakaravana59,True,128,128,0,3,1.0,105,128,101,17,0.1328,vythos70,5,0.0391,14,32,1704,203,342598,2019-12-14T18:11:51+02:00,True,False,False,,77.38
xeniakan21,True,41,41,0,6,1.0,16,41,34,17,0.4146,Mirsini1946041,3,0.0732,14,5,2676,2328,149266,2012-06-04T21:42:34+03:00,False,False,False,und,76.95
madonnamaniac,True,45,45,0,1,1.0,45,45,34,0,0.0,MDNASW1FT,6,0.1333,14,20,3209,851,88545,2010-11-15T23:36:06+02:00,False,False,False,en,76.33
michael_exc,True,21,21,0,0,1.0,21,21,19,0,0.0,Jvnior,2,0.0952,3,1,728,2078,11329,2013-10-27T13:08:54+02:00,False,False,False,und,75.95
zneraida,True,15,15,0,3,1.0,11,15,13,9,0.6,Harhalas,2,0.1333,11,5,4325,468,144868,2015-07-23T15:14:28+03:00,True,False,False,und,74.08
Xeniaxe19580370,True,23,23,0,0,1.0,17,23,21,0,0.0,realMaalouf,2,0.087,1,1,739,39,16770,2021-09-09T17:37:01+03:00,True,False,False,,72.12
TsigkaEfi,True,31,31,0,3,1.0,10,31,23,17,0.5484,Mirsini1946041,4,0.129,22,20,1016,570,26318,2022-09-10T15:11:44+03:00,True,False,False,,72.02
kokkoriss,True,21,21,0,0,1.0,15,21,18,3,0.1429,ellada24,2,0.0952,4,11,608,2763,33442,2012-04-29T10:28:41+03:00,True,False,False,,71.85
Nogate_T,True,26,26,0,8,1.0,12,26,19,9,0.3462,panta_tif,4,0.1538,3,6,9035,5399,99006,2015-02-13T13:10:01+02:00,True,False,False,el,71.73
margko73,True,15,15,0,0,1.0,15,15,12,0,0.0,tbickle1976,3,0.2,0,2,6178,1832,56339,2012-09-26T14:51:46+03:00,False,False,False,el,70.75
Track11John,True,224,219,5,75,0.9777,143,219,78,124,0.5662,Briassulis,66,0.3014,43,44,899,739,195402,2022-04-29T21:44:29+03:00,True,False,False,el,70.73
Valiadistinct,True,6,6,0,0,1.0,6,6,4,3,0.5,Valiadistinct,3,0.5,2,0,1216,381,77176,2018-04-28T09:23:45+03:00,True,False,True,,70.0
Aristerotsolis,True,5,5,0,0,1.0,4,5,3,3,0.6,Aristerotsolis,3,0.6,3,3,676,1149,6186,2025-12-25T18:31:03+02:00,True,False,False,el,70.0
Fay82776914F,True,17,17,0,4,1.0,10,17,16,7,0.4118,Notorio_rbg,2,0.1176,2,1,1532,1420,49310,2016-09-12T22:28:45+03:00,True,False,False,el,69.85
Fotinh5,True,23,23,0,2,1.0,8,23,17,12,0.5217,DvsDvs60195368,4,0.1739,2,8,3806,2947,63186,2021-10-21T19:55:21+03:00,True,False,False,,69.56
LGkvas,True,29,29,0,0,1.0,8,29,23,14,0.4828,MsLouellaDeVil,3,0.1034,12,6,972,1364,8122,2017-02-27T22:55:17+02:00,True,False,False,und,68.28
teo_ntaleki,True,15,15,0,3,1.0,12,15,15,2,0.1333,somethingrand77,1,0.0667,2,1,702,1671,27498,2023-04-24T21:38:45+03:00,True,False,False,el,67.67
angelikitsakani,True,160,158,2,39,0.9875,58,158,90,76,0.481,AgelisDimitris,8,0.0506,34,30,3171,3857,132214,2012-01-13T21:02:45+02:00,True,False,False,el,67.28
NickDanny99,True,14,14,0,3,1.0,13,14,14,0,0.0,ilpresidenteh,1,0.0714,1,1,1718,1213,17560,2014-09-28T21:04:20+03:00,False,False,False,en,66.96
xariszak2,True,12,12,0,0,1.0,8,12,10,4,0.3333,PtisiMagazine,2,0.1667,1,2,238,309,16319,2019-11-07T20:50:06+02:00,True,True,False,,66.67
hatz_patty,True,93,89,4,35,0.957,56,89,34,42,0.4719,MsLouellaDeVil,7,0.0787,7,21,9023,6069,285872,2011-07-26T12:38:54+03:00,False,False,False,el,66.36
cavodoro,True,11,11,0,1,1.0,5,11,10,6,0.5455,__darcelX__,2,0.1818,3,3,808,1063,19681,2010-02-08T22:59:01+02:00,True,False,False,und,66.25
VIVITV5,True,7,7,0,0,1.0,5,7,7,4,0.5714,IamKostasT,1,0.1429,2,1,2013,4240,25231,2018-05-15T19:11:14+03:00,True,False,False,el,66.25
BatorGr,True,26,26,0,1,1.0,8,26,24,9,0.3462,ellada24,2,0.0769,14,11,1209,926,70040,2023-02-18T23:29:53+02:00,True,False,False,,65.96
ptableart,True,13,13,0,1,1.0,8,13,11,3,0.2308,MsLouellaDeVil,3,0.2308,2,2,362,209,16194,2024-07-04T13:32:09+03:00,True,False,False,,65.77
mpantazo,True,81,79,2,13,0.9753,33,79,60,32,0.4051,Mirsini1946041,4,0.0506,29,29,2476,1357,180363,2014-06-10T13:13:42+03:00,False,False,False,und,65.72
Tina5996,True,9,9,0,0,1.0,5,9,9,5,0.5556,nikglykos,1,0.1111,1,1,160,186,12137,2022-06-25T00:38:40+03:00,True,False,False,de,65.69
sinakatsarou,True,115,110,5,25,0.9565,55,110,76,48,0.4364,hatz_patty,5,0.0455,14,35,7729,1976,215155,2018-12-26T17:22:32+02:00,True,False,False,,65.48
L6sVita,True,8,8,0,0,1.0,4,8,6,4,0.5,AdonisGeorgiadi,2,0.25,2,1,768,917,28774,2015-05-16T23:54:29+03:00,False,False,False,el,65.0
Mirsini1946041,True,65,62,3,13,0.9538,41,62,38,22,0.3548,tomanifesto,7,0.1129,13,14,4998,2858,189476,2023-10-29T10:03:08+02:00,True,False,False,el,64.83
Anastasia7882,True,15,15,0,2,1.0,10,15,13,1,0.0667,AdonisGeorgiadi,2,0.1333,4,2,861,871,48939,2022-09-29T08:07:34+03:00,True,False,False,en,64.83
giannMak,True,87,83,4,10,0.954,30,83,60,32,0.3855,zneraida,4,0.0482,29,20,6828,6711,174562,2015-02-14T19:22:12+02:00,False,False,False,el,64.65
nickthegreek5,True,285,281,4,18,0.986,88,281,150,87,0.3096,Mirsini1946041,11,0.0391,52,78,6419,2511,386413,2011-05-02T23:55:53+03:00,False,False,False,el,64.55
MariaDecokeke,True,98,97,1,22,0.9898,42,97,53,25,0.2577,Technomagos,7,0.0722,15,17,6650,3297,294247,2015-04-04T17:37:38+03:00,True,False,False,und,64.23
DonConsclavios,True,64,62,2,13,0.9688,41,62,24,15,0.2419,n_palaiopanou,8,0.129,36,41,308,827,6762,2023-07-03T17:57:03+03:00,True,False,True,el,63.83
Marios59885699,True,11,11,0,1,1.0,6,11,8,3,0.2727,visegrad24,2,0.1818,3,1,411,420,168844,2019-11-18T22:37:46+02:00,True,False,False,,63.41
lidakis_manos,True,23,23,0,6,1.0,6,23,21,7,0.3043,MsLouellaDeVil,3,0.1304,10,5,745,672,29896,2022-08-08T14:25:22+03:00,True,False,False,,63.37
ZafiriaF,True,20,20,0,2,1.0,7,20,16,4,0.2,qasireu,3,0.15,0,2,11237,6689,62252,2011-09-01T12:43:30+03:00,True,False,False,el,63.25
B2hBk3gFaa2fH4W,True,7,7,0,0,1.0,7,7,5,0,0.0,skasselakis,3,0.4286,0,5,1639,2412,7139,2020-01-26T18:10:16+02:00,True,False,False,el,63.04
PITT1742510,True,5,5,0,1,1.0,4,5,5,2,0.4,Krasaki_Tsou,1,0.2,0,0,82,290,2270,2026-01-26T23:08:37+02:00,True,False,False,,63.0
ixnilatis1,True,9,9,0,0,1.0,8,9,9,1,0.1111,Christo34335862,1,0.1111,0,0,443,2043,14301,2016-11-14T16:56:02+02:00,True,False,False,und,62.78
nilsholgerson_,True,9,9,0,1,1.0,4,9,9,4,0.4444,ThanosTzimeros,1,0.1111,1,0,4899,4528,29638,2013-08-04T23:50:47+03:00,True,False,False,el,62.78
MenoEdo,True,121,113,8,25,0.9339,43,113,84,34,0.3009,ellada24,6,0.0531,18,11,2704,2011,179526,2021-03-28T11:42:30+03:00,True,False,False,el,62.73
MKioulafa,True,81,70,11,23,0.8642,47,70,38,26,0.3714,K_Sav215,10,0.1429,27,33,3286,4973,189789,2019-07-28T17:35:51+03:00,True,False,False,und,62.25
bananarchyson,True,10,10,0,1,1.0,9,10,10,0,0.0,haberinolsun_x,1,0.1,0,0,4353,2264,362731,2015-11-03T23:13:23+02:00,False,False,False,en,62.25
GiotaPapapetrou,True,193,190,3,5,0.9845,179,190,99,18,0.0947,enikos_gr,20,0.1053,26,23,4690,3426,457712,2021-01-15T01:08:56+02:00,True,False,False,,61.93
Chaos_kreator,True,6,6,0,0,1.0,2,6,6,3,0.5,hellaspecial,1,0.1667,3,4,680,766,34064,2011-05-25T19:51:41+03:00,False,False,False,en,61.67
JimyWis,True,6,6,0,0,1.0,4,6,6,2,0.3333,Ander_Bruckes,1,0.1667,0,2,657,1735,16211,2021-04-06T20:17:16+03:00,True,False,False,el,61.67
2Harvard2,True,1,1,0,0,1.0,1,1,1,1,1.0,ellada24,1,1.0,0,0,574,1149,11037,2009-12-23T11:36:46+02:00,False,False,False,en,61.25
AndriotGreg,True,1,1,0,0,1.0,1,1,1,1,1.0,Agie2a,1,1.0,0,0,1276,1278,9394,2018-02-09T00:03:59+02:00,True,False,False,und,61.25
ChrisDarko39,True,1,1,0,0,1.0,1,1,1,1,1.0,Tiramolas_,1,1.0,1,0,3769,3937,15511,2011-05-11T12:14:11+03:00,False,False,False,el,61.25
pOURc3ero9j906K,True,1,1,0,0,1.0,1,1,1,1,1.0,GeorghyZhukov,1,1.0,0,0,3083,2310,5065,2021-08-11T13:13:52+03:00,True,False,False,,61.25
johnblandos,True,73,65,8,6,0.8904,44,65,49,19,0.2923,omadaalithias,3,0.0462,14,15,1960,2952,157009,2013-11-18T11:12:20+02:00,True,False,False,,61.01
chkls,True,10,10,0,4,1.0,7,10,9,0,0.0,giannis_kalyvas,2,0.2,2,0,1585,757,78243,2011-03-26T22:01:55+02:00,True,False,False,el,60.75
aekzurich21,True,8,8,0,0,1.0,6,8,8,1,0.125,aekbcgr,1,0.125,5,1,266,850,16693,2023-06-24T12:33:54+03:00,True,False,False,en,60.62
AgelisDimitris,True,205,181,24,55,0.8829,90,181,90,49,0.2707,panta_tif,11,0.0608,34,40,2180,2288,189826,2020-04-23T17:22:09+03:00,True,False,False,,60.57
CharilaosPapad1,True,5,5,0,2,1.0,2,5,5,2,0.4,silaserafim,1,0.2,0,0,359,384,12865,2021-12-05T18:41:01+02:00,True,False,False,el,60.5
G4Heron,True,69,64,5,15,0.9275,60,64,49,10,0.1562,trescommeilfaut,4,0.0625,4,9,10245,6921,294882,2015-03-11T23:03:35+02:00,False,False,False,el,60.43
thanosvz,True,6,6,0,1,1.0,3,6,6,2,0.3333,sinakatsarou,1,0.1667,2,0,2204,3121,38878,2010-03-19T11:43:16+02:00,False,False,False,,60.42
Leniw_Lenia,True,8,8,0,0,1.0,6,8,7,0,0.0,ntalaoura,2,0.25,5,2,544,530,17445,2022-01-15T10:56:17+02:00,True,False,False,,60.0
Torquem21743459,True,8,8,0,2,1.0,3,8,7,2,0.25,n_palaiopanou,2,0.25,6,9,527,1418,15780,2018-06-19T23:40:49+03:00,True,False,False,el,60.0
NikosMichael6,True,2,2,0,0,1.0,0,2,1,2,1.0,NikosMichael6,2,1.0,0,0,28980,4069,50620,2021-04-13T11:25:47+03:00,True,False,True,en,60.0
Anna_Moun,True,1,1,0,1,1.0,0,1,1,1,1.0,GeorghyZhukov,1,1.0,0,0,1438,1367,22322,2017-08-17T17:55:17+03:00,True,False,False,,60.0
Daedalus_theG,True,1,1,0,0,1.0,0,1,1,1,1.0,4fABkkc5xTv2aek,1,1.0,0,0,928,893,6379,2025-09-07T06:24:39+03:00,True,False,False,en,60.0
Perdim1,True,1,1,0,0,1.0,0,1,1,1,1.0,omadaalithias,1,1.0,0,0,707,869,14563,2012-06-10T11:39:25+03:00,False,False,False,el,60.0
moonshinegr,True,1,1,0,1,1.0,0,1,1,1,1.0,GeorghyZhukov,1,1.0,0,0,546,400,24545,2015-05-05T18:11:24+03:00,True,False,False,und,60.0
temporasmores,True,1,1,0,0,1.0,0,1,1,1,1.0,prng2777,1,1.0,0,0,7970,220,58827,2009-07-02T15:38:23+03:00,False,False,False,el,60.0
zzografo,True,1,1,0,0,1.0,0,1,1,1,1.0,omadaalithias,1,1.0,0,0,545,523,18719,2023-03-04T15:40:50+02:00,True,False,False,el,60.0
vythos70,True,146,129,17,5,0.8836,98,129,95,25,0.1938,panta_tif,10,0.0775,26,78,10526,10486,392128,2020-11-30T17:40:38+02:00,True,False,False,el,59.61
aggelikiME25,True,115,110,5,6,0.9565,106,110,84,3,0.0273,xa_xa_xa_xo_xo,7,0.0636,74,11,5557,1944,304493,2016-04-14T22:58:59+03:00,True,False,False,el,59.52
knock88082182,True,6,6,0,1,1.0,4,6,6,1,0.1667,NIKSOTIROPOYLOS,1,0.1667,0,0,498,1143,33700,2020-11-13T08:02:03+02:00,True,False,False,,59.17
HouseElisabeth_,True,7,7,0,0,1.0,6,7,7,0,0.0,Cursed41926,1,0.1429,3,0,490,1047,6214,2016-12-11T22:15:34+02:00,False,False,False,,58.93
tasoskar11,True,9,9,0,1,1.0,0,9,8,4,0.4444,n_palaiopanou,2,0.2222,5,5,226,316,2686,2011-01-25T13:59:27+02:00,False,False,False,qst,58.89
klikr,True,38,33,5,6,0.8684,21,33,21,1,0.0303,Technomagos,10,0.303,4,11,1105,1194,44762,2011-07-01T23:19:12+03:00,False,False,False,und,58.88
MariaKagia4603,True,7,7,0,1,1.0,4,7,7,1,0.1429,ChristinaA43891,1,0.1429,2,0,122,339,3178,2025-01-09T18:11:36+02:00,True,False,False,,58.57
silaserafim,True,24,23,1,3,0.9583,19,23,23,1,0.0435,RestIsPolitics,1,0.0435,5,4,40749,2207,449471,2010-10-30T13:05:09+03:00,False,False,False,en,58.38
ScroogeKifissia,True,45,40,5,13,0.8889,40,40,30,2,0.05,MaryMary_1,6,0.15,4,7,22653,21890,55274,2021-09-15T15:14:24+03:00,True,False,False,el,58.36
Protostatis,True,5,5,0,0,1.0,5,5,5,0,0.0,AretiAthanasiu,1,0.2,5,1,2264,1316,81145,2011-10-03T23:00:59+03:00,True,False,False,el,58.25
QuercusLg,True,34,28,6,4,0.8235,24,28,23,5,0.1786,giorgoschris2,4,0.1429,3,5,1083,1202,142688,2022-07-18T12:10:29+03:00,True,False,False,el,57.93
Nikos2501,True,6,6,0,0,1.0,3,6,6,1,0.1667,Tiana_Celine_23,1,0.1667,0,0,502,127,33858,2021-12-30T19:30:04+02:00,True,False,False,,57.92
AnnaDiEpifanio1,True,5,5,0,0,1.0,2,5,5,1,0.2,i_athina_mas,1,0.2,2,1,532,695,17882,2018-08-05T01:52:43+03:00,True,False,False,el,57.5
loukasspetses13,True,2,2,0,0,1.0,2,2,2,2,1.0,DvsDvs60195368,1,0.5,0,1,177,261,7953,2024-11-17T12:07:48+02:00,True,False,False,,57.5
Ah_riman,True,29,27,2,11,0.931,14,27,11,8,0.2963,Technomagos,8,0.2963,3,7,9213,8776,98270,2017-04-18T17:02:30+03:00,False,False,True,und,57.49
greek_paris_13,True,34,32,2,15,0.9412,17,32,24,4,0.125,HistoryCyprus,4,0.125,13,8,6908,2864,147737,2011-10-17T02:12:07+03:00,False,False,False,el,57.32
TheMadoula,True,40,37,3,7,0.925,14,37,25,14,0.3784,n_palaiopanou,6,0.1622,15,28,3087,3675,64492,2010-03-10T17:51:56+02:00,False,False,False,,57.17
SenzakiKamo,True,36,34,2,7,0.9444,14,34,29,12,0.3529,MsLouellaDeVil,3,0.0882,14,7,549,411,55593,2015-02-20T15:04:46+02:00,True,False,False,ja,56.73
GeorgiadouL,True,10,10,0,3,1.0,2,10,8,1,0.1,tzavelaniki,2,0.2,4,6,4628,3916,104149,2015-04-30T19:47:59+03:00,False,False,False,und,56.0
Briassulis,True,195,140,55,75,0.7179,68,140,72,46,0.3286,Briassulis,11,0.0786,48,81,1819,1175,269735,2021-01-14T10:36:35+02:00,True,False,False,el,55.84
RockRock222555,True,78,57,21,34,0.7308,33,57,41,17,0.2982,GeorghyZhukov,4,0.0702,14,14,1737,1852,67503,2021-03-17T18:37:02+02:00,True,False,False,el,55.75
Anthology2026,True,115,95,20,11,0.8261,76,95,85,6,0.0632,elonmusk,4,0.0421,10,10,300,2670,431,2026-02-24T21:21:02+02:00,True,False,False,el,55.28
phtochos1,True,47,39,8,0,0.8298,36,39,29,1,0.0256,KaroutsosTh,3,0.0769,5,8,11132,9230,145040,2022-04-11T16:18:56+03:00,True,False,False,el,55.2
anasiropiastos,True,32,27,5,7,0.8438,17,27,10,1,0.037,starbats_gr,10,0.3704,12,5,350,291,7722,2025-06-15T13:03:54+03:00,True,False,False,el,55.04
JtfYiannis,True,2,2,0,1,1.0,0,2,2,2,1.0,GeorghyZhukov,1,0.5,2,0,2386,3359,12399,2016-03-28T15:32:58+03:00,False,False,False,,55.0
Kon_Dalaoura,True,2,2,0,0,1.0,0,2,2,2,1.0,omadaalithias,1,0.5,5,0,31,132,1368,2024-05-19T13:44:34+03:00,True,False,False,el,55.0
le1li,True,20,19,1,1,0.95,14,19,18,4,0.2105,SMparlia,2,0.1053,15,8,756,932,6325,2011-10-11T15:02:38+03:00,False,False,False,el,54.96
BananaJoeReload,True,58,48,10,11,0.8276,40,48,42,1,0.0208,olympiada,3,0.0625,4,8,6531,7380,358423,2017-07-20T07:39:24+03:00,True,False,False,,54.9
ZbejVty,True,26,20,6,1,0.7692,14,20,14,9,0.45,vythos70,6,0.3,5,10,4024,4992,151954,2021-09-23T22:50:34+03:00,True,False,False,el,54.17
unico11226,True,23,20,3,2,0.8696,15,20,16,5,0.25,AdonisGeorgiadi,2,0.1,16,3,819,2189,7718,2026-01-26T18:33:04+02:00,True,False,True,en,53.94
lafillemalgard1,True,26,23,3,8,0.8846,14,23,15,3,0.1304,Technomagos,6,0.2609,0,3,3622,3307,73899,2012-03-10T23:26:31+02:00,False,False,False,en,53.03
Annis2350561782,True,80,61,19,32,0.7625,60,61,54,1,0.0164,TheRISEofROD,4,0.0656,11,10,1071,1745,50369,2024-03-28T07:39:50+02:00,True,False,False,,52.59
matrixneo1979,True,23,19,4,4,0.8261,17,19,16,1,0.0526,BazingaGR,3,0.1579,0,0,3297,1654,29207,2018-01-20T18:54:07+02:00,True,False,False,,52.53
Agie2a,True,53,35,18,17,0.6604,17,35,21,16,0.4571,__darcelX__,4,0.1143,15,16,4459,3358,83113,2022-03-01T14:03:05+02:00,True,False,True,en,52.36
maus_miny,True,26,24,2,5,0.9231,8,24,11,12,0.5,n_palaiopanou,6,0.25,9,21,4443,2094,64922,2022-03-04T15:42:49+02:00,True,False,False,el,52.31
LitsaXarou,True,14,13,1,1,0.9286,12,13,5,0,0.0,L3naRain,6,0.4615,0,1,13018,12667,180751,2015-02-08T00:05:18+02:00,True,False,False,el,52.12
Placebo_0,True,33,23,10,5,0.697,23,23,23,2,0.087,DTsakoniti,1,0.0435,6,1,6485,3501,327058,2012-02-26T22:07:42+02:00,False,False,False,el,51.13
MariaKoki3,True,22,19,3,6,0.8636,15,19,16,1,0.0526,HellenicOlympic,2,0.1053,12,9,1415,753,124647,2022-12-31T23:15:04+02:00,True,False,False,,50.82
tavros5791,True,2,2,0,0,1.0,2,2,2,1,0.5,praktikiskepsi,1,0.5,4,0,2600,1163,81861,2010-03-08T23:02:31+02:00,False,False,False,el,50.0
frel_elias,True,17,15,2,5,0.8824,13,15,15,2,0.1333,CelestaMs49332,1,0.0667,5,0,1147,1685,57833,2011-10-17T18:42:03+03:00,True,False,True,el,49.8
VforVolemenos,True,14,12,2,4,0.8571,9,12,9,5,0.4167,n_palaiopanou,2,0.1667,14,16,6729,6396,40799,2022-02-16T14:46:08+02:00,True,False,True,el,49.17
agapornis_mask,True,4,4,0,0,1.0,1,4,3,2,0.5,tazmanolis,2,0.5,2,5,187,464,6721,2012-07-21T22:38:48+03:00,True,False,False,el,48.75
akrokentrwos_2,True,2,2,0,0,1.0,1,2,2,1,0.5,Haberler,1,0.5,0,0,15228,1575,47317,2019-11-01T23:36:15+02:00,True,False,False,el,48.75
Rena_Rethymno,False,21,18,3,12,0.8571,8,18,14,8,0.4444,HistoryCyprus,3,0.1667,8,8,,,,,,,,,48.33
IK25818385,True,12,10,2,0,0.8333,10,10,7,2,0.2,Wolfman45042900,3,0.3,15,1,1054,3299,10756,2021-03-02T13:36:20+02:00,True,False,False,el,47.67
Theodoros674021,True,12,11,1,6,0.9167,7,11,9,3,0.2727,panta_tif,3,0.2727,2,2,605,507,29606,2023-11-07T23:59:37+02:00,True,False,False,el,47.65
theatropoios,True,12,11,1,3,0.9167,11,11,10,0,0.0,ProtocolsWZion,2,0.1818,3,0,636,2099,23453,2024-01-11T19:39:49+02:00,True,False,False,en,47.65
harakont,True,2,2,0,0,1.0,0,2,2,1,0.5,Mirsini1946041,1,0.5,2,3,329,426,2528,2021-11-13T03:08:47+02:00,True,False,False,,47.5
EoLaerte,True,3,3,0,0,1.0,3,3,3,1,0.3333,TheaMuse01,1,0.3333,1,1,497,773,7644,2021-11-24T16:42:04+02:00,True,False,False,,47.08
KyrPantelis3,True,14,13,1,1,0.9286,11,13,13,0,0.0,CharaKara,1,0.0769,1,0,392,2410,15209,2022-07-10T02:03:01+03:00,True,False,False,en,47.02
ledentiste2,True,17,13,4,4,0.7647,13,13,11,2,0.1538,ips1987,2,0.1538,11,1,2597,3335,37701,2020-06-23T14:08:57+03:00,True,False,False,el,46.86
ArgirNik,True,22,16,6,6,0.7273,11,16,10,6,0.375,omadaalithias,3,0.1875,6,5,831,514,156319,2011-09-19T16:56:41+03:00,True,False,False,el,46.71
ThanosTzimeros,True,35,25,10,10,0.7143,13,25,21,7,0.28,__darcelX__,3,0.12,3,0,68634,1702,41519,2011-10-30T12:20:05+02:00,True,False,False,el,46.65
K_Sav215,True,193,99,94,28,0.513,72,99,63,19,0.1919,action24tv,6,0.0606,122,56,1162,1134,78799,2021-08-07T14:50:32+03:00,True,True,False,en,46.44
dimitris7987,True,29,25,4,9,0.8621,6,25,17,11,0.44,greek_paris_13,5,0.2,4,13,935,548,38994,2025-02-09T10:13:09+02:00,True,False,False,,46.27
FrankiKostas,True,4,4,0,0,1.0,1,4,4,2,0.5,AdonisGeorgiadi,1,0.25,0,1,2678,2328,55192,2015-03-20T00:34:43+02:00,True,False,False,,46.25
ZYNkD4UIaXYsoaL,True,4,4,0,1,1.0,4,4,4,1,0.25,IsraelinGreece,1,0.25,0,1,1099,1447,71353,2018-11-01T10:37:06+02:00,True,True,False,el,46.25
AlexAlexroll,True,1,1,0,0,1.0,1,1,1,0,0.0,petros_GR,1,1.0,0,1,346,271,33463,2010-07-09T16:57:39+03:00,False,False,False,en,46.25
AsimakosGiannis,True,1,1,0,0,1.0,1,1,1,0,0.0,isaacrrr7,1,1.0,0,0,374,341,6289,2022-05-26T23:56:04+03:00,True,False,False,,46.25
ClarkGBeul,True,1,1,0,0,1.0,1,1,1,0,0.0,AthanDim,1,1.0,0,0,2686,2088,40015,2022-03-12T13:15:09+02:00,True,False,False,,46.25
DimitrisP69501,True,1,1,0,0,1.0,1,1,1,0,0.0,Johnnyhoston_2,1,1.0,0,0,40,240,850,2025-11-26T22:56:25+02:00,True,False,False,,46.25
Georgia146690,True,1,1,0,0,1.0,1,1,1,0,0.0,epigeiathea,1,1.0,1,0,77,84,2044,2025-09-02T03:20:04+03:00,True,False,False,,46.25
Kabamaru__n,True,1,1,0,1,1.0,1,1,1,0,0.0,Akiratos_,1,1.0,0,0,11,4,486,2024-03-05T12:14:39+02:00,True,False,False,,46.25
Konstan18155165,True,1,1,0,0,1.0,1,1,1,0,0.0,apablaze,1,1.0,1,0,36,215,540,2025-03-08T21:30:09+02:00,True,False,False,,46.25
Kostas18748292,True,1,1,0,0,1.0,1,1,1,0,0.0,GGoudaras,1,1.0,0,0,602,809,19570,2020-08-28T09:18:44+03:00,True,False,False,,46.25
Lucy75218876,True,1,1,0,0,1.0,1,1,1,0,0.0,JemappelleEve,1,1.0,0,0,4086,1568,53343,2021-10-10T02:00:46+03:00,True,False,False,en,46.25
Marria198,True,1,1,0,0,1.0,1,1,1,0,0.0,tomanifesto,1,1.0,0,1,1057,973,10229,2023-07-05T11:30:17+03:00,True,False,False,el,46.25
Masprixate,True,1,1,0,0,1.0,1,1,1,0,0.0,panta_tif,1,1.0,0,0,1173,1252,12716,2016-05-13T11:22:46+03:00,True,False,False,el,46.25
Pia_Soun,True,1,1,0,0,1.0,1,1,1,0,0.0,ArchBradley,1,1.0,1,3,559,554,44035,2012-05-21T22:25:03+03:00,True,False,False,en,46.25
PiraeusStef,True,1,1,0,0,1.0,1,1,1,0,0.0,mariavellou,1,1.0,0,0,2058,2281,39844,2011-05-04T08:40:02+03:00,False,False,False,,46.25
Yiorgos4115671,True,1,1,0,0,1.0,1,1,1,0,0.0,Alpha_Wanted,1,1.0,0,1,319,1968,28803,2024-10-29T03:13:48+02:00,True,True,False,,46.25
alexpretti1312,True,1,1,0,0,1.0,1,1,1,0,0.0,steph2monaco,1,1.0,0,3,180,299,1621,2026-01-27T11:22:24+02:00,True,False,False,el,46.25
blackadder_3rd,True,1,1,0,0,1.0,1,1,1,0,0.0,AdonisGeorgiadi,1,1.0,0,0,1632,1183,30583,2012-05-10T14:12:17+03:00,True,False,False,en,46.25
correll_caus,True,1,1,0,0,1.0,1,1,1,0,0.0,maybeshewill21,1,1.0,0,0,209,254,5917,2024-04-10T12:30:08+03:00,True,False,False,el,46.25
gaou__biou,True,1,1,0,0,1.0,1,1,1,0,0.0,dobos21,1,1.0,1,0,1065,921,31357,2020-08-31T23:22:29+03:00,True,False,False,en,46.25
mystical_hell,True,1,1,0,0,1.0,1,1,1,0,0.0,AnA_podo_radiki,1,1.0,0,0,86,124,2216,2023-12-03T21:19:55+02:00,True,False,False,,46.25
papa_vaso,True,1,1,0,0,1.0,1,1,1,0,0.0,Eman_8282,1,1.0,0,0,1322,1352,25309,2015-03-11T13:58:20+02:00,False,False,False,und,46.25
sokpap,True,1,1,0,0,1.0,1,1,1,0,0.0,Stam_Pittas,1,1.0,1,2,191,285,5548,2011-06-09T08:58:49+03:00,True,False,False,el,46.25
t_thalatta,True,1,1,0,0,1.0,1,1,1,0,0.0,qasireu,1,1.0,0,0,37,133,498,2024-10-02T00:28:31+03:00,True,False,False,en,46.25
vagelis_ts,True,1,1,0,0,1.0,1,1,1,0,0.0,Votsarinho,1,1.0,0,0,54,180,1666,2021-08-07T22:12:56+03:00,True,False,False,,46.25
anastassios2401,True,10,9,1,1,0.9,8,9,9,2,0.2222,jurgen_nauditt,1,0.1111,1,0,7554,5669,123355,2012-11-23T11:38:38+02:00,True,False,False,el,45.94
georgekouts62,True,3,3,0,1,1.0,2,3,3,1,0.3333,4fABkkc5xTv2aek,1,0.3333,3,0,5029,5012,29109,2016-07-28T20:17:55+03:00,True,False,False,,45.83
ArisBJJ,True,27,21,6,9,0.7778,9,21,17,8,0.381,ArisBJJ,3,0.1429,9,3,3251,1350,16530,2011-05-05T15:42:51+03:00,False,False,True,,45.62
themagus2022,True,12,11,1,1,0.9167,9,11,11,1,0.0909,AHD_from_TX,1,0.0909,7,0,243,482,17142,2022-08-23T18:10:12+03:00,True,True,False,,45.61
g_m_theo,True,23,18,5,7,0.7826,7,18,13,8,0.4444,greek_paris_13,4,0.2222,1,2,6361,5677,60304,2015-01-28T16:06:18+02:00,True,False,False,el,45.03
4lhc_athens,True,4,2,2,0,0.5,2,2,1,2,1.0,G4Heron,2,1.0,1,4,239,251,3529,2025-09-25T17:51:19+03:00,True,False,False,,45.0
Electra306,True,4,4,0,3,1.0,3,4,4,1,0.25,AxtarmasC,1,0.25,0,0,5209,2752,133167,2020-03-01T17:16:11+02:00,True,False,True,en,45.0
ElinaKoliop,True,4,4,0,0,1.0,3,4,4,1,0.25,xa_xa_xa_xo_xo,1,0.25,0,0,458,454,25220,2022-09-16T21:57:10+03:00,True,False,False,el,45.0
Evitel_,True,4,4,0,0,1.0,0,4,4,2,0.5,failosK,1,0.25,0,0,2501,1280,49592,2011-02-23T23:38:38+02:00,False,False,True,el,45.0
Realism_47,True,4,4,0,0,1.0,3,4,4,1,0.25,GeorghyZhukov,1,0.25,0,0,1238,4249,20316,2021-02-10T17:34:20+02:00,True,False,False,el,45.0
Volcom40893832,True,4,4,0,0,1.0,1,4,3,1,0.25,AdonisGeorgiadi,2,0.5,1,4,835,839,13053,2019-03-28T15:16:11+02:00,True,False,False,el,45.0
chrisvwgolf,True,4,4,0,0,1.0,3,4,4,1,0.25,isaacrrr7,1,0.25,4,0,52,32,8666,2022-11-11T09:47:35+02:00,True,False,False,el,45.0
crazy_cat_lados,True,4,4,0,2,1.0,4,4,3,0,0.0,ictinus_x,2,0.5,0,1,2119,2019,34402,2014-03-09T22:49:24+02:00,True,False,False,el,45.0
Harhalas,True,1,1,0,0,1.0,0,1,1,0,0.0,PrimeministerGR,1,1.0,0,0,16123,3203,207658,2018-01-09T10:35:31+02:00,True,False,False,el,45.0
M_Efstathiou,True,1,1,0,0,1.0,0,1,1,0,0.0,apablaze,1,1.0,2,0,367,502,7392,2017-01-01T21:25:12+02:00,True,False,False,und,45.0
Snow83189825,True,1,1,0,0,1.0,0,1,1,0,0.0,verazeras,1,1.0,2,0,654,900,5802,2022-01-02T20:22:37+02:00,True,False,False,el,45.0
TDrodopoulou,True,1,1,0,0,1.0,0,1,1,0,0.0,KatKatPt,1,1.0,0,0,208,145,5931,2023-02-19T15:06:04+02:00,True,False,False,el,45.0
TetraLogiki,True,1,1,0,0,1.0,0,1,1,0,0.0,AdonisGeorgiadi,1,1.0,0,0,3101,1812,30366,2018-12-07T10:33:13+02:00,True,False,False,el,45.0
desevmoi,True,1,1,0,0,1.0,0,1,1,0,0.0,MsLouellaDeVil,1,1.0,0,0,179,206,717,2023-04-17T22:17:26+03:00,True,False,False,,45.0
epaggelmatiassk,True,1,1,0,0,1.0,0,1,1,0,0.0,tomanifesto,1,1.0,0,0,3547,2544,108905,2018-03-12T23:03:30+02:00,True,False,False,el,45.0
leonidasHG,True,1,1,0,1,1.0,0,1,1,0,0.0,n_palaiopanou,1,1.0,2,3,1138,1625,28660,2011-10-21T13:41:35+03:00,True,False,False,,45.0
loudovikos14os,True,1,1,0,0,1.0,0,1,1,0,0.0,FootyHumour,1,1.0,0,0,449,343,22249,2015-06-30T19:46:57+03:00,True,False,False,el,45.0
CroniusZeus,True,3,3,0,1,1.0,1,3,3,1,0.3333,4fABkkc5xTv2aek,1,0.3333,0,0,1495,2881,18292,2019-07-27T23:40:03+03:00,True,False,False,en,44.58
nesgrego,True,4,3,1,0,0.75,1,3,2,2,0.6667,ellada24,2,0.6667,0,0,5268,2571,16246,2014-04-16T21:07:37+03:00,False,False,True,,44.17
foivos_trikkis_,True,24,16,8,6,0.6667,16,16,16,0,0.0,UndiagnosedMode,1,0.0625,6,2,1523,822,38864,2020-05-02T04:55:30+03:00,True,False,False,el,43.96
aikarerina,True,2,1,1,0,0.5,1,1,1,1,1.0,aikarerina,1,1.0,1,0,2572,3104,26592,2020-12-13T16:00:29+02:00,True,False,False,el,43.75
KVagos42117,True,10,9,1,0,0.9,8,9,7,0,0.0,Tiana_Celine_23,2,0.2222,0,0,90,126,3589,2023-06-20T06:37:09+03:00,True,False,False,,43.72
evangelia_re,True,9,8,1,0,0.8889,3,8,8,4,0.5,DejaLogic,1,0.125,3,2,5622,4619,15246,2009-09-25T12:19:48+03:00,True,False,False,el,43.61
Lalunaromantico,True,8,6,2,1,0.75,5,6,5,3,0.5,ellada24,2,0.3333,3,2,2047,1045,23996,2014-12-29T18:11:32+02:00,True,False,False,,43.33
InafiZinaf1,True,3,3,0,0,1.0,0,3,3,1,0.3333,AdonisGeorgiadi,1,0.3333,0,0,559,174,1123,2025-03-16T01:19:59+02:00,True,False,False,el,43.33
kimosampe,True,3,3,0,0,1.0,0,3,3,1,0.3333,BenakisM,1,0.3333,0,0,1034,1455,19813,2012-02-10T23:47:31+02:00,False,False,False,und,43.33
stefanakiir3,True,3,3,0,0,1.0,0,3,3,1,0.3333,gio_Kk23,1,0.3333,4,0,893,653,28996,2016-03-23T09:45:19+02:00,True,False,False,und,43.33
jparthen,True,18,14,4,6,0.7778,10,14,11,1,0.0714,tzavelaniki,3,0.2143,0,8,559,485,46817,2009-09-26T01:32:12+03:00,False,False,False,en,42.94
Asmoudis13,True,2,2,0,0,1.0,2,2,2,0,0.0,not_buford,1,0.5,3,0,48,562,2168,2025-05-04T12:59:56+03:00,True,False,False,,42.5
IvanZak13,True,2,2,0,0,1.0,2,2,2,0,0.0,OutlawsPoetic,1,0.5,0,0,623,4436,13645,2020-12-28T19:43:19+02:00,True,False,False,en,42.5
RGialama8386,True,2,2,0,1,1.0,2,2,2,0,0.0,tzon_t,1,0.5,0,0,104,421,2269,2025-05-08T23:35:58+03:00,True,False,False,art,42.5
akrato,True,2,2,0,0,1.0,2,2,2,0,0.0,Magician_Zastro,1,0.5,0,0,2459,3873,28273,2008-12-27T14:48:06+02:00,False,False,False,,42.5
milinimaria,True,2,2,0,0,1.0,2,2,2,0,0.0,BasketNews_com,1,0.5,0,0,2755,1259,26716,2010-12-03T02:22:21+02:00,False,False,False,,42.5
AnAthenianToLDN,True,34,20,14,12,0.5882,15,20,20,3,0.15,panta_tif,1,0.05,1,1,22274,2366,229688,2011-05-25T08:32:25+03:00,False,False,False,el,42.09
ThanosKten,True,4,3,1,1,0.75,2,3,3,2,0.6667,omadaalithias,1,0.3333,0,0,687,661,6702,2025-01-03T10:30:51+02:00,True,False,True,el,42.08
Ralia1Raily,True,3,3,0,0,1.0,3,3,3,0,0.0,tomvsjerrys,1,0.3333,0,0,598,642,16582,2021-08-16T22:18:38+03:00,True,False,False,en,42.08
Local_Bureau,True,8,7,1,3,0.875,4,7,5,1,0.1429,aektzougiapanta,3,0.4286,0,2,9377,1294,136141,2015-08-17T21:33:54+03:00,False,False,False,el,42.05
NonameTZ,True,16,15,1,5,0.9375,3,15,14,4,0.2667,zneraida,2,0.1333,12,12,500,602,20201,2011-05-19T22:37:26+03:00,False,False,False,en,41.9
vel_theGreek,True,7,6,1,1,0.8571,0,6,6,4,0.6667,4fABkkc5xTv2aek,1,0.1667,4,2,10210,4194,145299,2019-01-23T12:48:56+02:00,True,False,False,el,41.67
dkDurcGYTIpZdKl,True,10,9,1,0,0.9,3,9,9,3,0.3333,IoannaDementi,1,0.1111,5,5,3438,2374,97647,2017-07-12T09:23:14+03:00,True,False,False,el,41.36
doubamari,True,9,7,2,0,0.7778,1,7,5,4,0.5714,omadaalithias,3,0.4286,5,7,6022,1657,198134,2011-09-11T11:30:55+03:00,False,False,False,el,41.33
JanSobiesk1683V,True,2,2,0,1,1.0,1,2,2,0,0.0,_A_khalifa,1,0.5,0,0,912,2139,35182,2021-09-21T13:46:34+03:00,True,False,False,,41.25
OratiosPoulos,True,2,2,0,0,1.0,1,2,2,0,0.0,panta_tif,1,0.5,0,0,4782,1234,55342,2021-07-31T12:59:25+03:00,True,False,False,el,41.25
RunManLXXIII,True,2,2,0,0,1.0,1,2,2,0,0.0,Bodymist18668,1,0.5,2,2,40,49,2191,2023-11-19T20:04:44+02:00,True,False,False,el,41.25
Savaso1955,True,2,2,0,0,1.0,1,2,2,0,0.0,tzavelaniki,1,0.5,0,0,110,353,893,2023-08-17T06:01:21+03:00,True,False,False,el,41.25
antonis_zen,True,2,2,0,0,1.0,1,2,2,0,0.0,PrDimokratias,1,0.5,0,0,942,1336,8618,2022-03-27T00:30:15+02:00,True,False,False,,41.25
freemindspirits,True,13,9,4,3,0.6923,9,9,5,0,0.0,sihtiria,5,0.5556,0,0,1441,3101,101022,2012-05-08T21:39:31+03:00,True,False,False,,41.04
KosmidisStathis,True,6,5,1,0,0.8333,3,5,5,2,0.4,gio_Kk23,1,0.2,2,0,9701,5719,81690,2014-10-29T18:47:30+02:00,True,False,False,el,40.92
steiger_st28082,True,17,13,4,0,0.7647,9,13,11,1,0.0769,MirandaPrada_,2,0.1538,0,10,2138,3168,130373,2023-03-20T11:48:28+02:00,True,False,False,el,40.71
AthanasiouCccp,True,25,18,7,7,0.72,8,18,16,5,0.2778,RockRock222555,2,0.1111,3,2,6153,5376,145566,2012-12-21T03:38:54+02:00,True,False,False,en,40.48
Klearxos8,True,2,2,0,0,1.0,0,2,2,0,0.0,Nothing04305955,1,0.5,0,1,1247,2680,27393,2021-05-17T23:36:38+03:00,True,False,False,el,40.0
tazmanolis,True,14,10,4,5,0.7143,10,10,9,0,0.0,t_valilas,2,0.2,0,16,14630,6102,361690,2019-08-16T07:52:44+03:00,True,False,True,en,39.5
communakios,True,5,4,1,1,0.8,1,4,4,2,0.5,eucopresident,1,0.25,0,1,4377,1119,52650,2021-12-22T16:43:22+02:00,True,False,False,el,39.25
CMentat,True,7,6,1,3,0.8571,6,6,6,0,0.0,iointelresearch,1,0.1667,0,0,531,660,7143,2024-09-10T16:03:35+03:00,True,False,False,,39.17
EthanAnargyrous,True,7,6,1,1,0.8571,4,6,6,1,0.1667,steiger_st28082,1,0.1667,0,1,1171,962,40226,2018-07-13T18:09:01+03:00,True,False,False,el,39.17
57lista,True,19,12,7,7,0.6316,6,12,10,6,0.5,panta_tif,2,0.1667,0,0,1666,1551,15969,2021-08-27T16:45:31+03:00,True,False,False,el,38.77
SagamoreMount,True,4,4,0,1,1.0,1,4,4,0,0.0,MirandaPrada_,1,0.25,0,3,134,425,4138,2024-08-26T17:13:12+03:00,True,False,False,en,38.75
kostasp194,True,6,4,2,0,0.6667,1,4,4,3,0.75,Mirsini1946041,1,0.25,2,4,3530,4122,47829,2016-12-05T11:36:31+02:00,True,False,False,,38.33
anarchistdonkey,True,13,10,3,3,0.7692,8,10,10,0,0.0,Technomagos,1,0.1,6,0,5624,2370,160251,2013-12-31T18:56:09+02:00,False,False,False,el,37.92
oldfileles,True,3,1,2,1,0.3333,1,1,1,1,1.0,tazmanolis,1,1.0,0,1,25991,5102,19918,2015-06-01T07:38:25+03:00,True,False,True,el,37.92
0nyxas,True,4,3,1,1,0.75,2,3,3,1,0.3333,AITWLOS,1,0.3333,3,0,6944,2590,84894,2016-08-30T14:35:28+03:00,True,False,False,el,37.08
hellaspecial,True,4,3,1,1,0.75,2,3,3,1,0.3333,alyonapopova,1,0.3333,2,0,5657,4362,162822,2018-08-03T17:18:19+03:00,True,False,True,el,37.08
PanosStayis,True,3,2,1,1,0.6667,1,2,2,1,0.5,ByJimbob,1,0.5,0,0,348,351,6860,2023-05-23T12:49:49+03:00,True,False,False,el,37.08
parodynews,True,16,11,5,6,0.6875,9,11,11,0,0.0,BohuslavskaKate,1,0.0909,0,1,3576,4100,180134,2009-11-11T22:30:46+02:00,False,False,False,en,36.22
Mrpresidentgr,True,13,10,3,3,0.7692,4,10,10,2,0.2,ictinus_x,1,0.1,4,2,3843,2987,54271,2009-05-17T13:46:18+03:00,True,False,True,,35.92
lordos_noble,True,3,2,1,0,0.6667,2,2,1,0,0.0,toumvas,2,1.0,0,0,1318,983,109080,2020-04-18T09:31:54+03:00,True,False,False,el,35.83
Hlsn0iQdRGXJ7lw,True,5,3,2,0,0.6,1,3,3,2,0.6667,iefimerida,1,0.3333,5,1,1350,2101,42822,2021-07-30T19:24:22+03:00,True,False,False,el,35.58
amantomatimou,True,23,13,10,12,0.5652,12,13,13,0,0.0,Sea_Bass_J,1,0.0769,6,1,5609,558,82706,2011-02-21T22:41:57+02:00,False,False,False,,35.55
seriousthreat98,True,5,4,1,3,0.8,4,4,4,0,0.0,Howlingmutant0,1,0.25,3,1,819,430,13788,2023-01-11T12:23:47+02:00,True,False,False,,35.5
ippotech,True,10,7,3,1,0.7,3,7,6,2,0.2857,FanakidiF,2,0.2857,0,5,3985,4568,81568,2011-03-29T10:20:36+03:00,False,False,False,en,35.39
consue_banana_,True,9,6,3,1,0.6667,6,6,6,1,0.1667,Mareadre,1,0.1667,1,3,3693,2381,27185,2024-08-26T13:55:26+03:00,True,False,False,el,35.0
DDeppied,True,6,5,1,2,0.8333,3,5,5,0,0.0,CharaKara,1,0.2,0,0,3807,2897,30983,2017-12-01T15:34:59+02:00,True,False,False,und,34.92
kostasagg1965,True,12,7,5,6,0.5833,7,7,7,2,0.2857,unico11226,1,0.1429,0,0,364,7223,35010,2022-04-29T12:39:38+03:00,True,False,False,qst,34.88
DejaLogic,True,4,3,1,0,0.75,3,3,3,0,0.0,thanosdimadis,1,0.3333,1,0,4630,3070,17746,2023-02-17T15:25:26+02:00,True,False,False,el,33.33
kontologis,True,5,3,2,2,0.6,3,3,3,1,0.3333,FryersWalter,1,0.3333,0,1,6833,3650,80499,2018-07-07T13:39:12+03:00,False,False,False,el,33.08
EAdamopoulou,True,5,1,4,3,0.2,0,1,1,1,1.0,GeorghyZhukov,1,1.0,0,3,8700,1793,75924,2011-05-27T17:41:17+03:00,False,False,True,,32.0
LosKarabou79397,True,3,2,1,2,0.6667,2,2,2,0,0.0,panta_tif,1,0.5,2,0,276,304,1014,2026-02-23T11:28:12+02:00,True,False,False,qht,30.83
bolltzmann,True,3,2,1,0,0.6667,2,2,2,0,0.0,mpoumpivol2,1,0.5,0,0,13412,5163,37476,2014-01-17T17:25:16+02:00,False,False,True,,30.83
giorgosgreen,True,3,2,1,0,0.6667,2,2,2,0,0.0,fasistogavros88,1,0.5,1,0,1123,557,10314,2019-01-22T20:18:13+02:00,True,False,False,en,30.83
lavidaloca51932,True,3,2,1,0,0.6667,2,2,2,0,0.0,Spyros21833575,1,0.5,4,0,1,18,242,2026-02-05T12:42:45+02:00,True,False,False,,30.83
GP_74_,True,7,5,2,1,0.7143,0,5,5,1,0.2,BenakisM,1,0.2,1,3,1353,1039,18586,2023-05-26T00:31:47+03:00,True,False,False,el,30.0
MatrimC110073,True,4,2,2,1,0.5,2,2,1,0,0.0,LinconOsiris2,2,1.0,0,38,959,1450,17997,2022-07-18T20:53:39+03:00,True,False,True,el,30.0
JSweetGR,True,13,9,4,4,0.6923,1,9,9,2,0.2222,Notorio_rbg,1,0.1111,0,2,3265,2128,71099,2009-04-05T08:55:12+03:00,False,False,True,en,29.92
VanaT66,True,3,2,1,0,0.6667,1,2,2,0,0.0,NedosVassilis,1,0.5,0,1,1598,1623,40134,2019-07-23T17:47:17+03:00,True,False,False,en,29.58
2eateras,True,2,1,1,1,0.5,1,1,1,0,0.0,zeynepkologluu,1,1.0,6,0,694,2064,14808,2019-01-27T11:57:43+02:00,True,False,False,und,28.75
Manolo_math,True,2,1,1,0,0.5,1,1,1,0,0.0,BUNDZONE,1,1.0,3,0,1803,2291,11958,2011-12-03T21:30:16+02:00,False,False,False,en,28.75
VaragiosP,True,2,1,1,1,0.5,1,1,1,0,0.0,olympiada,1,1.0,0,1,294,293,12942,2021-01-03T00:54:32+02:00,True,False,False,,28.75
Wonderlust_K,True,2,1,1,2,0.5,1,1,1,0,0.0,UkieDanya,1,1.0,0,0,430,496,15697,2011-12-08T14:30:23+02:00,True,False,False,en,28.75
despica67766915,True,2,1,1,0,0.5,1,1,1,0,0.0,Nickfarc19,1,1.0,0,0,846,1154,17992,2019-10-01T20:40:41+03:00,True,False,False,,28.75
isidoragiou1,True,2,1,1,1,0.5,1,1,1,0,0.0,ConstantineLad,1,1.0,0,0,601,291,15282,2015-09-23T23:07:30+03:00,False,False,False,und,28.75
pnevan11,True,2,1,1,0,0.5,1,1,1,0,0.0,Kaybedlerklbu,1,1.0,0,0,622,1464,8008,2016-05-11T00:08:45+03:00,True,False,False,,28.75
Melbourne57,True,6,3,3,2,0.5,2,3,3,1,0.3333,DvsDvs60195368,1,0.3333,2,0,1686,1950,57207,2012-02-13T16:43:44+02:00,False,False,False,und,28.33
antileftis91560,True,9,3,6,0,0.3333,2,3,3,2,0.6667,pan017585811348,1,0.3333,2,3,2263,2268,24261,2024-05-31T19:53:34+03:00,True,False,False,el,27.5
vxaz_79,True,2,1,1,1,0.5,0,1,1,0,0.0,Christo34335862,1,1.0,0,0,2762,4067,24927,2013-10-18T08:35:35+03:00,True,False,True,el,27.5
MarkRenieris,True,6,3,3,0,0.5,1,3,3,1,0.3333,trad_west_,1,0.3333,4,0,414,440,12941,2023-02-12T14:25:57+02:00,True,False,False,,27.08
Abovelaw13,True,18,8,10,4,0.4444,8,8,8,0,0.0,GeorgeLiakopou2,1,0.125,29,8,1071,612,11117,2021-07-26T14:00:44+03:00,True,False,True,en,26.8
nikos_aggelakis,True,11,6,5,5,0.5455,3,6,5,0,0.0,BenakisM,2,0.3333,1,5,554,1161,11678,2011-12-13T11:25:01+02:00,True,False,False,el,26.18
bobidion,True,7,3,4,2,0.4286,2,3,3,1,0.3333,realMaalouf,1,0.3333,4,0,5715,2892,51696,2011-11-18T21:03:54+02:00,False,False,False,en,25.83
RXRqdEgogik2Z9P,True,25,7,18,1,0.28,7,7,3,0,0.0,ntalaoura,5,0.7143,0,1,3606,1053,22661,2019-07-24T09:22:59+03:00,True,False,False,el,25.69
Veltsi_Legacy,True,11,5,6,3,0.4545,1,5,5,2,0.4,Cynaegeirus2,1,0.2,0,1,1232,580,12888,2023-09-19T21:26:55+03:00,True,False,True,el,25.16
Philipos1991486,True,8,4,4,2,0.5,4,4,4,0,0.0,EmCorfu,1,0.25,3,0,33,126,643,2026-03-07T16:00:24+02:00,True,False,False,,25.0
nikglykos,True,7,4,3,1,0.5714,2,4,4,0,0.0,ApproachNemesis,1,0.25,1,2,7947,6409,242818,2011-09-03T11:09:26+03:00,False,False,False,el,25.0
aprosarmostos_,True,4,2,2,4,0.5,2,2,2,0,0.0,mamba_aka,1,0.5,0,0,4346,3294,62042,2016-03-16T16:25:30+02:00,True,False,False,el,25.0
2PAzkjh6oFRW77D,True,6,2,4,5,0.3333,0,2,2,1,0.5,nesgrego,1,0.5,1,0,4599,2287,116390,2019-11-01T20:56:33+02:00,True,False,False,el,24.17
AleaJactaEst101,True,3,1,2,2,0.3333,1,1,1,0,0.0,ek_tou_kanapeos,1,1.0,1,0,5905,1728,46212,2017-09-17T15:14:05+03:00,True,False,False,el,22.92
Athanasiosfara1,True,3,1,2,2,0.3333,1,1,1,0,0.0,frad_fradi,1,1.0,0,0,2870,1826,191915,2016-01-16T16:53:47+02:00,True,False,True,el,22.92
NodarasSpiros,True,39,9,30,29,0.2308,6,9,7,3,0.3333,ArisBJJ,2,0.2222,5,4,8706,2446,191295,2012-08-27T20:40:27+03:00,True,False,False,el,22.8
SuperAnthonyA,True,3,1,2,0,0.3333,0,1,1,0,0.0,mariakalantze,1,1.0,1,0,872,1286,26520,2010-11-08T20:21:54+02:00,True,False,False,,21.67
packad__,True,3,1,2,2,0.3333,0,1,1,0,0.0,EuroLeague,1,1.0,1,2,166,608,8139,2019-11-07T18:10:29+02:00,True,False,False,el,21.67
Christodoulakos,True,5,2,3,1,0.4,1,2,2,0,0.0,panta_tif,1,0.5,3,0,3096,2709,24447,2011-04-28T23:30:30+03:00,False,False,True,el,20.25
MAVROJOHN,True,8,3,5,0,0.375,3,3,3,0,0.0,BatmanTweetzz,1,0.3333,0,0,261,381,6463,2012-02-14T16:51:07+02:00,True,False,False,,20.21
failosK,True,4,1,3,0,0.25,0,1,1,0,0.0,bpapapanagiotou,1,1.0,0,1,47600,2218,56947,2012-04-07T12:09:43+03:00,True,False,False,el,18.75
Dv500x,True,5,1,4,4,0.2,1,1,1,0,0.0,Osinttechnical,1,1.0,0,0,588,323,17915,2021-05-14T00:13:43+03:00,True,False,False,,18.25
steliostso,True,7,2,5,1,0.2857,2,2,2,0,0.0,SMpliat,1,0.5,0,1,6034,5850,66835,2010-08-22T14:21:15+03:00,False,False,False,el,17.5
HRessed,True,6,2,4,5,0.3333,0,2,2,0,0.0,Technomagos,1,0.5,2,0,438,442,6093,2025-10-17T12:53:59+03:00,True,False,False,el,16.67
Jan__Sobieski,True,56,9,47,42,0.1607,6,9,7,0,0.0,xa_xa_xa_xo_xo,3,0.3333,2,7,1165,818,36842,2020-06-08T23:18:38+03:00,True,False,False,el,16.46
agnwstos_x_,True,10,1,9,1,0.1,1,1,1,0,0.0,Vathipigadi,1,1.0,12,0,4262,1619,45989,2014-03-16T21:44:53+02:00,True,False,False,en,14.75
trescommeilfaut,True,11,1,10,0,0.0909,1,1,1,0,0.0,Eirini_D91,1,1.0,0,0,1739,849,12027,2017-11-20T12:27:04+02:00,False,False,False,el,14.43
Greekprn,True,9,2,7,0,0.2222,1,2,2,0,0.0,nypost,1,0.5,6,0,6060,3862,157946,2011-09-20T18:04:14+03:00,False,False,False,en,14.03
DvsDvs60195368,True,61,1,60,19,0.0164,1,1,1,0,0.0,georgiosmantzo1,1,1.0,1,0,3491,3437,63036,2023-01-08T20:10:26+02:00,True,False,True,el,11.82
ellada24,True,33,0,33,0,0.0,0,0,0,0,0.0,,0,0.0,1,0,29885,1449,89661,2021-07-02T15:36:43+03:00,True,False,True,,0.0
BeardedChad1995,True,14,0,14,14,0.0,0,0,0,0,0.0,,0,0.0,0,2,86,72,839,2026-04-03T12:29:02+03:00,True,False,False,el,0.0
DIOND97782043,True,12,0,12,0,0.0,0,0,0,0,0.0,,0,0.0,0,0,137,99,5305,2022-11-04T07:27:27+02:00,True,False,False,el,0.0
Wwwwww42362442,True,8,0,8,6,0.0,0,0,0,0,0.0,,0,0.0,1,0,1992,3168,28255,2017-09-27T14:51:47+03:00,True,False,False,el,0.0
el39984,True,8,0,8,0,0.0,0,0,0,0,0.0,,0,0.0,0,0,664,222,7860,2025-08-01T20:04:10+03:00,True,False,False,,0.0
MoudilosV,True,7,0,7,3,0.0,0,0,0,0,0.0,,0,0.0,6,0,1887,1740,24763,2009-09-07T17:53:59+03:00,False,False,True,el,0.0
hellasspecial,True,7,0,7,0,0.0,0,0,0,0,0.0,,0,0.0,0,0,15926,9914,147860,2016-01-07T16:01:44+02:00,False,False,False,el,0.0
olofwti_agapi,True,7,0,7,1,0.0,0,0,0,0,0.0,,0,0.0,7,0,347,135,5643,2022-11-25T14:04:16+02:00,True,False,False,el,0.0
gospodinmedvedd,True,6,0,6,4,0.0,0,0,0,0,0.0,,0,0.0,1,1,346,370,4906,2023-08-02T20:25:09+03:00,True,False,False,en,0.0
omadaalithias,True,6,0,6,0,0.0,0,0,0,0,0.0,,0,0.0,0,0,111055,581,15879,2012-09-19T13:59:05+03:00,False,False,True,el,0.0
AstyMpekas,True,5,0,5,4,0.0,0,0,0,0,0.0,,0,0.0,1,3,311,153,7032,2024-10-08T16:33:14+03:00,True,False,False,qst,0.0
John_Fletcher70,True,5,0,5,4,0.0,0,0,0,0,0.0,,0,0.0,0,2,4259,956,118583,2013-07-10T19:14:06+03:00,False,False,False,en,0.0
ObserverGr71726,True,5,0,5,0,0.0,0,0,0,0,0.0,,0,0.0,5,0,467,357,16544,2023-05-23T00:15:37+03:00,True,False,False,,0.0
AlexGavriilidis,True,4,0,4,1,0.0,0,0,0,0,0.0,,0,0.0,0,0,4859,525,43478,2017-08-12T07:25:06+03:00,False,False,False,el,0.0
Apstolos14616,True,3,0,3,1,0.0,0,0,0,0,0.0,,0,0.0,0,0,152,170,2269,2026-01-25T07:58:40+02:00,True,True,True,el,0.0
FotisMagnisia,True,3,0,3,2,0.0,0,0,0,0,0.0,,0,0.0,0,0,2024,1216,55393,2011-04-26T18:19:27+03:00,False,False,False,,0.0
GeorghyZhukov,True,3,0,3,1,0.0,0,0,0,0,0.0,,0,0.0,0,0,37864,1307,52941,2009-05-12T12:32:49+03:00,False,False,True,,0.0
__darcelX__,True,3,0,3,1,0.0,0,0,0,0,0.0,,0,0.0,0,0,9156,346,20827,2021-09-03T23:40:34+03:00,True,False,False,,0.0
daenerys777777,True,3,0,3,1,0.0,0,0,0,0,0.0,,0,0.0,0,0,722,577,8482,2025-01-26T11:55:28+02:00,True,False,False,,0.0
melambus,True,3,0,3,2,0.0,0,0,0,0,0.0,,0,0.0,0,0,1480,2275,32136,2020-03-18T12:36:44+02:00,True,False,False,el,0.0
n_palaiopanou,False,3,0,3,1,0.0,0,0,0,0,0.0,,0,0.0,0,3,,,,,,,,,0.0
tasS_O_S,True,3,0,3,3,0.0,0,0,0,0,0.0,,0,0.0,0,0,8296,1865,127026,2011-08-17T23:17:59+03:00,False,False,False,el,0.0
AChamouza,True,2,0,2,2,0.0,0,0,0,0,0.0,,0,0.0,0,2,224,359,2954,2023-03-10T17:44:40+02:00,True,False,False,,0.0
BaboonTje,True,2,0,2,0,0.0,0,0,0,0,0.0,,0,0.0,0,0,333,419,20776,2020-03-03T17:39:39+02:00,True,False,False,en,0.0
Rinokeros2023,True,2,0,2,0,0.0,0,0,0,0,0.0,,0,0.0,2,0,28,114,2999,2023-02-10T19:30:09+02:00,True,False,False,,0.0
Sunflower19731,True,2,0,2,1,0.0,0,0,0,0,0.0,,0,0.0,1,0,205,235,2410,2019-02-03T01:45:40+02:00,True,False,False,en,0.0
Tiramolas_,True,2,0,2,0,0.0,0,0,0,0,0.0,,0,0.0,2,2,125,251,1054,2026-01-26T16:48:39+02:00,True,False,False,el,0.0
artz1b00rtz1,True,2,0,2,2,0.0,0,0,0,0,0.0,,0,0.0,0,0,593,875,15372,2023-01-10T12:53:31+02:00,True,False,False,el,0.0
AnnaMaria_1538,True,1,0,1,0,0.0,0,0,0,0,0.0,,0,0.0,0,0,3232,2433,3323,2022-09-02T20:52:09+03:00,True,False,False,,0.0
Captain_Sparos,True,1,0,1,0,0.0,0,0,0,0,0.0,,0,0.0,1,0,589,690,13747,2010-03-02T15:41:58+02:00,False,False,False,el,0.0
DoctorStrangeGr,True,1,0,1,1,0.0,0,0,0,0,0.0,,0,0.0,0,0,2597,494,16539,2022-06-06T17:34:20+03:00,True,False,False,el,0.0
Drifter_1066,False,1,0,1,0,0.0,0,0,0,0,0.0,,0,0.0,0,2,,,,,,,,,0.0
Griniazw,True,1,0,1,1,0.0,0,0,0,0,0.0,,0,0.0,0,0,34,78,763,2022-05-20T23:53:04+03:00,True,False,True,el,0.0
Guson653566,False,1,0,1,0,0.0,0,0,0,0,0.0,,0,0.0,0,1,,,,,,,,,0.0
HFirstpriest,False,1,0,1,0,0.0,0,0,0,0,0.0,,0,0.0,0,1,,,,,,,,,0.0
Iliserp,True,1,0,1,0,0.0,0,0,0,0,0.0,,0,0.0,1,0,418,1283,15843,2015-11-17T21:52:48+02:00,True,False,True,en,0.0
IoannisAro98223,False,1,0,1,0,0.0,0,0,0,0,0.0,,0,0.0,0,1,,,,,,,,,0.0
IriniPapad26550,False,1,0,1,0,0.0,0,0,0,0,0.0,,0,0.0,0,2,,,,,,,,,0.0
Jocoon5,False,1,0,1,0,0.0,0,0,0,0,0.0,,0,0.0,0,1,,,,,,,,,0.0
LKleitou,True,1,0,1,0,0.0,0,0,0,0,0.0,,0,0.0,0,0,14872,1836,18073,2018-08-28T14:18:14+03:00,True,False,False,und,0.0
Lollos1242232,False,1,0,1,0,0.0,0,0,0,0,0.0,,0,0.0,0,1,,,,,,,,,0.0
PhunkD14,True,1,0,1,0,0.0,0,0,0,0,0.0,,0,0.0,0,0,239,1012,8763,2022-11-23T14:20:15+02:00,True,False,False,en,0.0
Pi8kiavlozampis,False,1,0,1,0,0.0,0,0,0,0,0.0,,0,0.0,0,1,,,,,,,,,0.0
SZacharos,True,1,0,1,0,0.0,0,0,0,0,0.0,,0,0.0,0,0,10808,1037,9738,2009-06-19T14:10:18+03:00,False,False,False,,0.0
SpyrosSpyropou7,False,1,0,1,0,0.0,0,0,0,0,0.0,,0,0.0,0,2,,,,,,,,,0.0
StavrosKol9528,True,1,0,1,0,0.0,0,0,0,0,0.0,,0,0.0,0,0,302,128,2724,2024-11-02T13:58:09+02:00,True,False,True,en,0.0
Tasos3025749307,True,1,0,1,0,0.0,0,0,0,0,0.0,,0,0.0,0,1,118,57,5804,2023-04-24T11:40:30+03:00,True,False,False,,0.0
TheSurigata,True,1,0,1,0,0.0,0,0,0,0,0.0,,0,0.0,3,0,578,284,23531,2021-12-16T17:01:29+02:00,True,False,False,en,0.0
TheocharousH,False,1,0,1,1,0.0,0,0,0,0,0.0,,0,0.0,0,1,,,,,,,,,0.0
Ti_kanete_re,True,1,0,1,0,0.0,0,0,0,0,0.0,,0,0.0,2,0,1622,1255,18512,2011-06-10T00:42:23+03:00,False,False,True,el,0.0
XMulwna,False,1,0,1,0,0.0,0,0,0,0,0.0,,0,0.0,0,1,,,,,,,,,0.0
XmLdl,False,1,0,1,0,0.0,0,0,0,0,0.0,,0,0.0,0,2,,,,,,,,,0.0
akenaton37,True,1,0,1,0,0.0,0,0,0,0,0.0,,0,0.0,1,0,34,17,4103,2020-07-16T21:26:19+03:00,True,False,False,el,0.0
antonispoulas,False,1,0,1,0,0.0,0,0,0,0,0.0,,0,0.0,0,1,,,,,,,,,0.0
bounty_hunter0x,True,1,0,1,1,0.0,0,0,0,0,0.0,,0,0.0,0,1,73,193,2942,2021-10-08T22:29:58+03:00,True,False,False,,0.0
christoskostaki,False,1,0,1,0,0.0,0,0,0,0,0.0,,0,0.0,0,1,,,,,,,,,0.0
doumpalis,True,1,0,1,1,0.0,0,0,0,0,0.0,,0,0.0,0,0,266,336,7874,2019-06-18T15:10:05+03:00,True,True,False,und,0.0
drepanosfyro,True,1,0,1,0,0.0,0,0,0,0,0.0,,0,0.0,0,0,777,378,17095,2018-04-15T17:09:19+03:00,False,False,False,el,0.0
gabrielubr,False,1,0,1,0,0.0,0,0,0,0,0.0,,0,0.0,0,1,,,,,,,,,0.0
giapantaxontros,True,1,0,1,1,0.0,0,0,0,0,0.0,,0,0.0,0,0,250,310,10462,2021-06-07T00:50:27+03:00,True,False,False,el,0.0
hermesjk,True,1,0,1,0,0.0,0,0,0,0,0.0,,0,0.0,0,1,450,377,11699,2009-08-18T14:25:11+03:00,False,False,False,el,0.0
iVasilios,True,1,0,1,0,0.0,0,0,0,0,0.0,,0,0.0,0,1,1511,2042,36102,2022-06-10T11:45:09+03:00,True,False,False,,0.0
johntsik13,True,1,0,1,1,0.0,0,0,0,0,0.0,,0,0.0,0,0,1124,1628,8356,2018-01-25T15:22:24+02:00,True,False,False,el,0.0
kaltsib,True,1,0,1,0,0.0,0,0,0,0,0.0,,0,0.0,0,1,390,475,3173,2014-11-19T13:52:16+02:00,False,False,False,el,0.0
kefalaiouxos,True,1,0,1,0,0.0,0,0,0,0,0.0,,0,0.0,0,0,561,208,20911,2020-08-16T11:17:06+03:00,True,False,False,,0.0
kikirik_nik,True,1,0,1,0,0.0,0,0,0,0,0.0,,0,0.0,0,0,3759,110,16469,2014-05-29T04:02:47+03:00,False,False,False,el,0.0
makis585,False,1,0,1,0,0.0,0,0,0,0,0.0,,0,0.0,0,1,,,,,,,,,0.0
myga_tse,False,1,0,1,0,0.0,0,0,0,0,0.0,,0,0.0,0,1,,,,,,,,,0.0
pJNs4ACgiayAknX,True,1,0,1,0,0.0,0,0,0,0,0.0,,0,0.0,0,0,2158,2290,27511,2019-05-11T22:44:46+03:00,True,False,False,und,0.0
panagitsma78169,True,1,0,1,0,0.0,0,0,0,0,0.0,,0,0.0,1,0,81,100,5709,2024-01-17T12:41:13+02:00,True,False,False,,0.0
paoktses,True,1,0,1,0,0.0,0,0,0,0,0.0,,0,0.0,0,0,1287,994,7887,2022-03-19T00:06:04+02:00,True,False,False,el,0.0
paristzina,False,1,0,1,0,0.0,0,0,0,0,0.0,,0,0.0,0,1,,,,,,,,,0.0
poetic_politica,True,1,0,1,0,0.0,0,0,0,0,0.0,,0,0.0,0,0,4262,4067,94574,2010-01-23T20:12:01+02:00,False,False,False,,0.0
prng2777,True,1,0,1,0,0.0,0,0,0,0,0.0,,0,0.0,0,0,3272,2177,19173,2017-06-21T11:12:14+03:00,False,False,False,el,0.0
spfotis,False,1,0,1,0,0.0,0,0,0,0,0.0,,0,0.0,0,2,,,,,,,,,0.0
starick878,False,1,0,1,0,0.0,0,0,0,0,0.0,,0,0.0,0,2,,,,,,,,,0.0
tipukitos,True,1,0,1,0,0.0,0,0,0,0,0.0,,0,0.0,3,0,988,905,13421,2011-01-22T16:54:19+02:00,False,False,False,el,0.0
vasgeo310,True,1,0,1,1,0.0,0,0,0,0,0.0,,0,0.0,0,0,584,1893,40099,2010-04-18T05:33:09+03:00,True,False,False,en,0.0
