account_handle,role_label,role_confidence,is_member,signals,followers_count,friends_count,followers_friends_ratio,listed_count,description_language,description_length,is_blue_verified,default_profile,account_age_days,retweet_ratio,original_count,cohort_ids
AlexGavriilidis,source_hub,0.9,True,listed_count>=50(65),4859,525,9.2552,65,el,84,False,False,3175,0.0,4,
Apstolos14616,source_hub,0.9,True,blue_verified|default_profile|default_profile_image,152,170,0.8941,10,el,31,True,True,87,0.0,3,
AstyMpekas,source_hub,0.9,True,default_profile,311,153,2.0327,15,qst,6,False,True,560,0.0,5,
BeardedChad1995,source_hub,0.9,True,default_profile,86,72,1.1944,6,el,97,False,True,19,0.0,14,
DIOND97782043,source_hub,0.9,True,default_profile,137,99,1.3838,1,el,75,False,True,1265,0.0,12,
Dv500x,source_hub,0.9,True,default_profile,588,323,1.8204,5,,6,False,True,1804,0.2,4,
DvsDvs60195368,source_hub,0.9,True,blue_verified|default_profile,3491,3437,1.0157,25,el,107,True,True,1199,0.0164,60,
EAdamopoulou,source_hub,0.9,True,blue_verified,8700,1793,4.8522,30,,126,True,False,5443,0.2,4,
FotisMagnisia,source_hub,0.9,True,,2024,1216,1.6645,43,,59,False,False,5474,0.0,3,
GeorghyZhukov,source_hub,0.9,True,listed_count>=50(129)|followers_friends_ratio>=25(29.0)|blue_verified,37864,1307,28.9702,129,,0,True,False,6189,0.0,3,
Greekprn,source_hub,0.9,True,listed_count>=50(99),6060,3862,1.5691,99,en,32,False,False,5327,0.2222,7,
Jan__Sobieski,source_hub,0.9,True,default_profile|first_retweeter_count>=3(6),1165,818,1.4242,7,el,88,False,True,2143,0.1607,47,
John_Fletcher70,source_hub,0.9,True,listed_count>=50(69),4259,956,4.455,69,en,78,False,False,4668,0.0,5,
MoudilosV,source_hub,0.9,True,blue_verified,1887,1740,1.0845,8,el,108,True,False,6070,0.0,7,
NodarasSpiros,source_hub,0.9,True,listed_count>=50(104)|default_profile|first_retweeter_count>=3(6)|cohort_member(1),8706,2446,3.5593,104,el,145,False,True,4985,0.2308,30,2
ObserverGr71726,source_hub,0.9,True,default_profile,467,357,1.3081,19,,0,False,True,1065,0.0,5,
RXRqdEgogik2Z9P,source_hub,0.9,True,listed_count>=50(52)|default_profile|first_retweeter_count>=3(7)|top_amplified_share>=0.6(0.71),3606,1053,3.4245,52,el,158,False,True,2464,0.28,18,
Wwwwww42362442,source_hub,0.9,True,listed_count>=50(51)|default_profile,1992,3168,0.6288,51,el,159,False,True,3128,0.0,8,
__darcelX__,source_hub,0.9,True,followers_friends_ratio>=25(26.5)|default_profile,9156,346,26.4624,42,,32,False,True,1691,0.0,3,
agnwstos_x_,source_hub,0.9,True,default_profile,4262,1619,2.6325,13,en,6,False,True,4419,0.1,9,
daenerys777777,source_hub,0.9,True,default_profile,722,577,1.2513,9,,115,False,True,451,0.0,3,
el39984,source_hub,0.9,True,default_profile,664,222,2.991,12,,0,False,True,263,0.0,8,
ellada24,source_hub,0.9,True,listed_count>=50(134)|blue_verified|default_profile,29885,1449,20.6246,134,,23,True,True,1754,0.0,33,
failosK,source_hub,0.9,True,description_journalist_keyword|listed_count>=50(240)|default_profile,47600,2218,21.4608,240,el,137,False,True,5128,0.25,3,
gospodinmedvedd,source_hub,0.9,True,default_profile,346,370,0.9351,10,en,41,False,True,993,0.0,6,
hellasspecial,source_hub,0.9,True,,15926,9914,1.6064,49,el,34,False,False,3757,0.0,7,
melambus,source_hub,0.9,True,default_profile,1480,2275,0.6505,24,el,113,False,True,2226,0.0,3,
n_palaiopanou,source_hub,0.9,False,,,,,,,0,,,,0.0,3,
olofwti_agapi,source_hub,0.9,True,default_profile,347,135,2.5704,4,el,92,False,True,1243,0.0,7,
omadaalithias,source_hub,0.9,True,listed_count>=50(226)|followers>=100k(111055)|followers_friends_ratio>=25(191.1)|blue_verified,111055,581,191.1446,226,el,21,True,False,4963,0.0,6,
steliostso,source_hub,0.9,True,,6034,5850,1.0315,28,el,35,False,False,5722,0.2857,5,
tasS_O_S,source_hub,0.9,True,listed_count>=50(86),8296,1865,4.4483,86,el,52,False,False,5361,0.0,3,
trescommeilfaut,source_hub,0.9,True,,1739,849,2.0483,8,el,16,False,False,3075,0.0909,10,
AthanasiouCccp,media_business,0.7,True,description_media_keyword|listed_count>=50(94)|default_profile|first_retweeter_count>=3(8)|cohort_member(1),6153,5376,1.1445,94,en,48,False,True,4870,0.72,7,2
LitsaXarou,media_business,0.7,True,description_media_keyword|default_profile|retweet_ratio>=0.85(0.93)|zero_or_single_original|first_retweeter_count>=3(12),13018,12667,1.0277,48,el,103,False,True,4091,0.9286,1,
Myrtilo01,media_business,0.7,True,description_media_keyword|retweet_ratio>=0.85(1.00)|zero_or_single_original|first_retweeter_count>=3(39)|cohort_member(1),308,339,0.9086,1,en,158,False,False,5417,1.0,0,1
SZacharos,media_business,0.7,True,description_media_keyword|listed_count>=50(95),10808,1037,10.4224,95,,52,False,False,6151,0.0,1,
StavrosKol9528,media_business,0.7,True,description_media_keyword|blue_verified|default_profile,302,128,2.3594,1,en,114,True,True,535,0.0,1,
jparthen,media_business,0.7,True,description_media_keyword|first_retweeter_count>=3(10)|cohort_member(1),559,485,1.1526,20,en,32,False,False,6052,0.7778,4,1
matrixneo1979,media_business,0.7,True,description_media_keyword|description_journalist_keyword|default_profile|first_retweeter_count>=3(17),3297,1654,1.9933,40,,41,False,True,3013,0.8261,4,
parodynews,media_business,0.7,True,description_media_keyword|description_journalist_keyword|listed_count>=50(94)|first_retweeter_count>=3(9),3576,4100,0.8722,94,en,62,False,False,6005,0.6875,5,
AnAthenianToLDN,media_business,0.65,True,listed_count>=50(108)|first_retweeter_count>=3(15)|cohort_member(1),22274,2366,9.4142,108,el,70,False,False,5446,0.5882,14,2
Loxagos_Mark,media_business,0.65,True,listed_count>=50(105)|blue_verified|default_profile|retweet_ratio>=0.85(1.00)|zero_or_single_original|first_retweeter_count>=3(38)|cohort_member(1),7007,7425,0.9437,105,el,159,True,True,4811,1.0,0,1
NikosMichael6,media_business,0.65,True,listed_count>=50(123)|blue_verified|default_profile,28980,4069,7.1221,123,en,98,True,True,1835,1.0,0,
ThanosTzimeros,media_business,0.65,True,listed_count>=50(423)|followers_friends_ratio>=25(40.3)|default_profile|first_retweeter_count>=3(13)|cohort_member(1),68634,1702,40.3255,423,el,157,False,True,5288,0.7143,10,1
silaserafim,media_business,0.65,True,listed_count>=50(266)|retweet_ratio>=0.85(0.96)|zero_or_single_original|first_retweeter_count>=3(19),40749,2207,18.4635,266,en,107,False,False,5653,0.9583,1,
DejaLogic,media_business,0.5,True,listed_count>=50(52)|default_profile|first_retweeter_count>=3(3),4630,3070,1.5081,52,el,157,False,True,1159,0.75,1,
G4Heron,media_business,0.5,True,listed_count>=50(70)|retweet_ratio>=0.85(0.93)|first_retweeter_count>=3(60),10245,6921,1.4803,70,el,139,False,False,4059,0.9275,5,
Harhalas,media_business,0.5,True,listed_count>=50(65)|default_profile,16123,3203,5.0337,65,el,17,False,True,3025,1.0,0,
KosmidisStathis,media_business,0.5,True,listed_count>=50(73)|default_profile|zero_or_single_original|first_retweeter_count>=3(3)|cohort_member(1),9701,5719,1.6963,73,el,122,False,True,4192,0.8333,1,2
LKleitou,media_business,0.5,True,description_journalist_keyword|listed_count>=50(82)|default_profile,14872,1836,8.1002,82,und,10,False,True,2794,0.0,1,
MariaDecokeke,media_business,0.5,True,listed_count>=50(57)|default_profile|retweet_ratio>=0.85(0.99)|zero_or_single_original|first_retweeter_count>=3(42)|cohort_member(1),6650,3297,2.017,57,und,0,False,True,4035,0.9898,1,1
ScroogeKifissia,media_business,0.5,True,listed_count>=50(53)|default_profile|retweet_ratio>=0.85(0.89)|first_retweeter_count>=3(40),22653,21890,1.0349,53,el,77,False,True,1679,0.8889,5,
ZafiriaF,media_business,0.5,True,listed_count>=50(71)|default_profile|retweet_ratio>=0.85(1.00)|zero_or_single_original|first_retweeter_count>=3(7)|cohort_member(1),11237,6689,1.6799,71,el,52,False,True,5347,1.0,0,2
aikarerina,media_business,0.5,True,listed_count>=50(52)|default_profile,2572,3104,0.8286,52,el,18,False,True,1955,0.5,1,
akrokentrwos_2,media_business,0.5,True,listed_count>=50(69)|default_profile,15228,1575,9.6686,69,el,90,False,True,2363,1.0,0,
amantomatimou,media_business,0.5,True,description_journalist_keyword|description_public_figure_keyword|listed_count>=50(57)|first_retweeter_count>=3(12),5609,558,10.052,57,,157,False,False,5538,0.5652,10,
anarchistdonkey,media_business,0.5,True,listed_count>=50(92)|first_retweeter_count>=3(8),5624,2370,2.373,92,el,22,False,False,4494,0.7692,3,
anastassios2401,media_business,0.5,True,listed_count>=50(62)|default_profile|retweet_ratio>=0.85(0.90)|zero_or_single_original|first_retweeter_count>=3(8),7554,5669,1.3325,62,el,160,False,True,4898,0.9,1,
bananarchyson,media_business,0.5,True,listed_count>=50(86)|retweet_ratio>=0.85(1.00)|zero_or_single_original|first_retweeter_count>=3(9),4353,2264,1.9227,86,en,66,False,False,3822,1.0,0,
dkDurcGYTIpZdKl,media_business,0.5,True,listed_count>=50(50)|default_profile|retweet_ratio>=0.85(0.90)|zero_or_single_original|first_retweeter_count>=3(3)|cohort_member(1),3438,2374,1.4482,50,el,114,False,True,3206,0.9,1,2
doubamari,media_business,0.5,True,listed_count>=50(54)|cohort_member(1),6022,1657,3.6343,54,el,66,False,False,5337,0.7778,2,1
g_m_theo,media_business,0.5,True,description_public_figure_keyword|listed_count>=50(70)|default_profile|first_retweeter_count>=3(7)|cohort_member(1),6361,5677,1.1205,70,el,66,False,True,4101,0.7826,5,1
hellaspecial,media_business,0.5,True,listed_count>=50(59)|blue_verified|default_profile,5657,4362,1.2969,59,el,39,True,True,2818,0.75,1,
kikirik_nik,media_business,0.5,True,listed_count>=50(55)|followers_friends_ratio>=25(34.2),3759,110,34.1727,55,el,2,False,False,4346,0.0,1,
nickthegreek5,media_business,0.5,True,listed_count>=50(57)|retweet_ratio>=0.85(0.99)|first_retweeter_count>=3(88)|cohort_member(1),6419,2511,2.5564,57,el,89,False,False,5468,0.986,4,1
nikglykos,media_business,0.5,True,listed_count>=50(71),7947,6409,1.24,71,el,66,False,False,5345,0.5714,3,
temporasmores,media_business,0.5,True,listed_count>=50(73)|followers_friends_ratio>=25(36.2),7970,220,36.2273,73,el,15,False,False,6137,1.0,0,
Mrpresidentgr,journalist_public_figure,0.95,True,description_public_figure_keyword|blue_verified|default_profile|first_retweeter_count>=3(4)|cohort_member(1),3843,2987,1.2866,30,,138,True,True,6184,0.7692,3,2
46spiros,amplifier_suspect,0.9,True,default_profile|retweet_ratio>=0.85(1.00)|zero_or_single_original|first_retweeter_count>=3(109)|cohort_member(1),1117,384,2.9089,8,und,0,False,True,4746,1.0,0,1
ABCHeckles,amplifier_suspect,0.9,True,default_profile|retweet_ratio>=0.85(1.00)|zero_or_single_original|first_retweeter_count>=3(37)|cohort_member(1),5959,4330,1.3762,26,el,39,False,True,4904,1.0,0,1
Aaagiiisss,amplifier_suspect,0.9,True,default_profile|retweet_ratio>=0.85(1.00)|zero_or_single_original|first_retweeter_count>=3(20)|cohort_member(1),716,1391,0.5147,16,el,28,False,True,3206,1.0,0,1
Anastasia7882,amplifier_suspect,0.9,True,default_profile|retweet_ratio>=0.85(1.00)|zero_or_single_original|first_retweeter_count>=3(10)|cohort_member(1),861,871,0.9885,6,en,105,False,True,1301,1.0,0,2
Aristerotsolis,amplifier_suspect,0.9,True,default_profile|retweet_ratio>=0.85(1.00)|zero_or_single_original|first_retweeter_count>=3(4)|top_amplified_share>=0.6(0.60),676,1149,0.5883,13,el,105,False,True,117,1.0,0,
BatorGr,amplifier_suspect,0.9,True,default_profile|retweet_ratio>=0.85(1.00)|zero_or_single_original|first_retweeter_count>=3(8)|cohort_member(1),1209,926,1.3056,13,,19,False,True,1158,1.0,0,1
Catps66,amplifier_suspect,0.9,True,default_profile|retweet_ratio>=0.85(1.00)|zero_or_single_original|first_retweeter_count>=3(26)|cohort_member(1),1057,2643,0.3999,13,en,131,False,True,1516,1.0,0,1
Fay82776914F,amplifier_suspect,0.9,True,default_profile|retweet_ratio>=0.85(1.00)|zero_or_single_original|first_retweeter_count>=3(10)|cohort_member(1),1532,1420,1.0789,33,el,74,False,True,3508,1.0,0,2
Fotinh5,amplifier_suspect,0.9,True,default_profile|retweet_ratio>=0.85(1.00)|zero_or_single_original|first_retweeter_count>=3(8)|cohort_member(1),3806,2947,1.2915,6,,0,False,True,1643,1.0,0,1
LGkvas,amplifier_suspect,0.9,True,default_profile|retweet_ratio>=0.85(1.00)|zero_or_single_original|first_retweeter_count>=3(8)|cohort_member(1),972,1364,0.7126,6,und,0,False,True,3340,1.0,0,1
MariaKagia4603,amplifier_suspect,0.9,True,default_profile|retweet_ratio>=0.85(1.00)|zero_or_single_original|first_retweeter_count>=3(4)|cohort_member(1),122,339,0.3599,1,,0,False,True,467,1.0,0,2
MasenkaMm230158,amplifier_suspect,0.9,True,default_profile|retweet_ratio>=0.85(1.00)|zero_or_single_original|first_retweeter_count>=3(27)|cohort_member(1),603,393,1.5344,2,,0,False,True,1854,1.0,0,1
Nogate_T,amplifier_suspect,0.9,True,default_profile|retweet_ratio>=0.85(1.00)|zero_or_single_original|first_retweeter_count>=3(12)|cohort_member(1),9035,5399,1.6735,39,el,10,False,True,4086,1.0,0,1
PitSpencer,amplifier_suspect,0.9,True,default_profile|retweet_ratio>=0.85(1.00)|zero_or_single_original|first_retweeter_count>=3(29)|cohort_member(1),972,2005,0.4848,10,,0,False,True,1198,1.0,0,2
TsigkaEfi,amplifier_suspect,0.9,True,default_profile|retweet_ratio>=0.85(1.00)|zero_or_single_original|first_retweeter_count>=3(10)|cohort_member(1),1016,570,1.7825,17,,0,False,True,1319,1.0,0,1
Valiadistinct,amplifier_suspect,0.9,True,blue_verified|default_profile|retweet_ratio>=0.85(1.00)|zero_or_single_original|first_retweeter_count>=3(6),1216,381,3.1916,3,,32,True,True,2916,1.0,0,
Xeniaxe19580370,amplifier_suspect,0.9,True,default_profile|retweet_ratio>=0.85(1.00)|zero_or_single_original|first_retweeter_count>=3(17)|cohort_member(1),739,39,18.9487,8,,4,False,True,1685,1.0,0,1
angie22gr,amplifier_suspect,0.9,True,retweet_ratio>=0.85(1.00)|zero_or_single_original|first_retweeter_count>=3(30)|cohort_member(1),24467,15656,1.5628,44,el,120,False,False,5088,1.0,0,1
chrysib11,amplifier_suspect,0.9,True,default_profile|retweet_ratio>=0.85(1.00)|zero_or_single_original|first_retweeter_count>=3(63)|cohort_member(1),3815,5569,0.685,25,und,0,False,True,4446,1.0,0,1
dinoskonstantin,amplifier_suspect,0.9,True,retweet_ratio>=0.85(1.00)|zero_or_single_original|first_retweeter_count>=3(79)|cohort_member(1),2773,5004,0.5542,13,,0,False,False,4571,1.0,0,2
economi94461498,amplifier_suspect,0.9,True,default_profile|retweet_ratio>=0.85(1.00)|zero_or_single_original|first_retweeter_count>=3(23)|cohort_member(1),1356,332,4.0843,7,,0,False,True,2319,1.0,0,1
fanis_rc,amplifier_suspect,0.9,True,default_profile|retweet_ratio>=0.85(1.00)|zero_or_single_original|first_retweeter_count>=3(38)|cohort_member(1),2027,7293,0.2779,26,en,114,False,True,1153,1.0,0,1
fifi_apostolou,amplifier_suspect,0.9,True,retweet_ratio>=0.85(1.00)|zero_or_single_original|first_retweeter_count>=3(53)|cohort_member(1),5238,3895,1.3448,19,und,0,False,False,4740,1.0,0,1
galex1908,amplifier_suspect,0.9,True,retweet_ratio>=0.85(1.00)|zero_or_single_original|first_retweeter_count>=3(72)|cohort_member(1),16210,17333,0.9352,46,el,90,False,False,4959,1.0,0,1
kokkoriss,amplifier_suspect,0.9,True,default_profile|retweet_ratio>=0.85(1.00)|zero_or_single_original|first_retweeter_count>=3(15)|cohort_member(1),608,2763,0.2201,10,,0,False,True,5106,1.0,0,2
lidakis_manos,amplifier_suspect,0.9,True,default_profile|retweet_ratio>=0.85(1.00)|zero_or_single_original|first_retweeter_count>=3(6)|cohort_member(1),745,672,1.1086,16,,0,False,True,1352,1.0,0,1
nilsholgerson_,amplifier_suspect,0.9,True,default_profile|retweet_ratio>=0.85(1.00)|zero_or_single_original|first_retweeter_count>=3(4)|cohort_member(1),4899,4528,1.0819,38,el,89,False,True,4643,1.0,0,2
paliakaravana59,amplifier_suspect,0.9,True,default_profile|retweet_ratio>=0.85(1.00)|zero_or_single_original|first_retweeter_count>=3(105)|cohort_member(1),1704,203,8.3941,40,,0,False,True,2320,1.0,0,1
ptableart,amplifier_suspect,0.9,True,default_profile|retweet_ratio>=0.85(1.00)|zero_or_single_original|first_retweeter_count>=3(8)|cohort_member(1),362,209,1.7321,26,,0,False,True,657,1.0,0,1
teo_ntaleki,amplifier_suspect,0.9,True,default_profile|retweet_ratio>=0.85(1.00)|zero_or_single_original|first_retweeter_count>=3(12)|cohort_member(1),702,1671,0.4201,16,el,106,False,True,1093,1.0,0,2
xariszak2,amplifier_suspect,0.9,True,default_profile|default_profile_image|retweet_ratio>=0.85(1.00)|zero_or_single_original|first_retweeter_count>=3(8)|cohort_member(1),238,309,0.7702,13,,0,False,True,2357,1.0,0,2
xeniakan21,amplifier_suspect,0.9,True,retweet_ratio>=0.85(1.00)|zero_or_single_original|first_retweeter_count>=3(16)|cohort_member(1),2676,2328,1.1495,19,und,0,False,False,5069,1.0,0,2
zneraida,amplifier_suspect,0.9,True,default_profile|retweet_ratio>=0.85(1.00)|zero_or_single_original|first_retweeter_count>=3(11)|cohort_member(1),4325,468,9.2415,34,und,0,False,True,3925,1.0,0,1
Chaos_kreator,amplifier_suspect,0.85,True,retweet_ratio>=0.85(1.00)|zero_or_single_original|cohort_member(1),680,766,0.8877,11,en,47,False,False,5445,1.0,0,2
CharilaosPapad1,amplifier_suspect,0.85,True,default_profile|retweet_ratio>=0.85(1.00)|zero_or_single_original|cohort_member(1),359,384,0.9349,4,el,83,False,True,1598,1.0,0,2
GeorgiadouL,amplifier_suspect,0.85,True,retweet_ratio>=0.85(1.00)|zero_or_single_original|cohort_member(1),4628,3916,1.1818,14,und,55,False,False,4009,1.0,0,2
tasoskar11,amplifier_suspect,0.85,True,retweet_ratio>=0.85(1.00)|zero_or_single_original|cohort_member(1),226,316,0.7152,5,qst,1,False,False,5565,1.0,0,2
B2hBk3gFaa2fH4W,amplifier_suspect,0.8,True,default_profile|retweet_ratio>=0.85(1.00)|zero_or_single_original|first_retweeter_count>=3(7),1639,2412,0.6795,5,el,10,False,True,2277,1.0,0,
HouseElisabeth_,amplifier_suspect,0.8,True,retweet_ratio>=0.85(1.00)|zero_or_single_original|first_retweeter_count>=3(6),490,1047,0.468,7,,15,False,False,3418,1.0,0,
JimyWis,amplifier_suspect,0.8,True,default_profile|retweet_ratio>=0.85(1.00)|zero_or_single_original|first_retweeter_count>=3(4),657,1735,0.3787,8,el,94,False,True,1841,1.0,0,
L6sVita,amplifier_suspect,0.8,True,retweet_ratio>=0.85(1.00)|zero_or_single_original|first_retweeter_count>=3(4),768,917,0.8375,10,el,41,False,False,3993,1.0,0,
Leniw_Lenia,amplifier_suspect,0.8,True,default_profile|retweet_ratio>=0.85(1.00)|zero_or_single_original|first_retweeter_count>=3(6),544,530,1.0264,2,,0,False,True,1558,1.0,0,
Marios59885699,amplifier_suspect,0.8,True,default_profile|retweet_ratio>=0.85(1.00)|zero_or_single_original|first_retweeter_count>=3(6),411,420,0.9786,1,,0,False,True,2346,1.0,0,
NickDanny99,amplifier_suspect,0.8,True,retweet_ratio>=0.85(1.00)|zero_or_single_original|first_retweeter_count>=3(13),1718,1213,1.4163,16,en,32,False,False,4223,1.0,0,
Nikos2501,amplifier_suspect,0.8,True,default_profile|retweet_ratio>=0.85(1.00)|zero_or_single_original|first_retweeter_count>=3(3),502,127,3.9528,9,,0,False,True,1573,1.0,0,
NikosVsdl8,amplifier_suspect,0.8,True,default_profile|retweet_ratio>=0.85(1.00)|zero_or_single_original|first_retweeter_count>=3(38),497,1413,0.3517,16,,12,False,True,507,1.0,0,
PITT1742510,amplifier_suspect,0.8,True,default_profile|retweet_ratio>=0.85(1.00)|zero_or_single_original|first_retweeter_count>=3(4),82,290,0.2828,1,,0,False,True,85,1.0,0,
Protostatis,amplifier_suspect,0.8,True,default_profile|retweet_ratio>=0.85(1.00)|zero_or_single_original|first_retweeter_count>=3(5),2264,1316,1.7204,21,el,84,False,True,5314,1.0,0,
Tina5996,amplifier_suspect,0.8,True,default_profile|retweet_ratio>=0.85(1.00)|zero_or_single_original|first_retweeter_count>=3(5),160,186,0.8602,3,de,73,False,True,1397,1.0,0,
Torquem21743459,amplifier_suspect,0.8,True,default_profile|retweet_ratio>=0.85(1.00)|zero_or_single_original|first_retweeter_count>=3(3),527,1418,0.3717,11,el,91,False,True,2863,1.0,0,
VIVITV5,amplifier_suspect,0.8,True,default_profile|retweet_ratio>=0.85(1.00)|zero_or_single_original|first_retweeter_count>=3(5),2013,4240,0.4748,14,el,124,False,True,2898,1.0,0,
aekzurich21,amplifier_suspect,0.8,True,default_profile|retweet_ratio>=0.85(1.00)|zero_or_single_original|first_retweeter_count>=3(6),266,850,0.3129,3,en,160,False,True,1033,1.0,0,
cavodoro,amplifier_suspect,0.8,True,default_profile|retweet_ratio>=0.85(1.00)|zero_or_single_original|first_retweeter_count>=3(5),808,1063,0.7601,3,und,0,False,True,5916,1.0,0,
chkls,amplifier_suspect,0.8,True,default_profile|retweet_ratio>=0.85(1.00)|zero_or_single_original|first_retweeter_count>=3(7),1585,757,2.0938,12,el,48,False,True,5505,1.0,0,
ixnilatis1,amplifier_suspect,0.8,True,default_profile|retweet_ratio>=0.85(1.00)|zero_or_single_original|first_retweeter_count>=3(8),443,2043,0.2168,3,und,0,False,True,3445,1.0,0,
knock88082182,amplifier_suspect,0.8,True,default_profile|retweet_ratio>=0.85(1.00)|zero_or_single_original|first_retweeter_count>=3(4),498,1143,0.4357,5,,0,False,True,1986,1.0,0,
madonnamaniac,amplifier_suspect,0.8,True,retweet_ratio>=0.85(1.00)|zero_or_single_original|first_retweeter_count>=3(45),3209,851,3.7709,45,en,152,False,False,5636,1.0,0,
margko73,amplifier_suspect,0.8,True,retweet_ratio>=0.85(1.00)|zero_or_single_original|first_retweeter_count>=3(15),6178,1832,3.3723,11,el,91,False,False,4955,1.0,0,
michael_exc,amplifier_suspect,0.8,True,retweet_ratio>=0.85(1.00)|zero_or_single_original|first_retweeter_count>=3(21),728,2078,0.3503,1,und,0,False,False,4560,1.0,0,
thanosvz,amplifier_suspect,0.8,True,retweet_ratio>=0.85(1.00)|zero_or_single_original|first_retweeter_count>=3(3),2204,3121,0.7062,21,,0,False,False,5878,1.0,0,
NonameTZ,amplifier_suspect,0.7,True,retweet_ratio>=0.85(0.94)|zero_or_single_original|first_retweeter_count>=3(3)|cohort_member(1),500,602,0.8306,5,en,31,False,False,5451,0.9375,1,1
Theodoros674021,amplifier_suspect,0.7,True,default_profile|retweet_ratio>=0.85(0.92)|zero_or_single_original|first_retweeter_count>=3(7)|cohort_member(1),605,507,1.1933,1,el,152,False,True,896,0.9167,1,2
evangelia_re,amplifier_suspect,0.7,True,default_profile|retweet_ratio>=0.85(0.89)|zero_or_single_original|first_retweeter_count>=3(3)|cohort_member(1),5622,4619,1.2171,12,el,158,False,True,6053,0.8889,1,1
le1li,amplifier_suspect,0.7,True,retweet_ratio>=0.85(0.95)|zero_or_single_original|first_retweeter_count>=3(14),756,932,0.8112,5,el,157,False,False,5306,0.95,1,
vel_theGreek,amplifier_suspect,0.65,True,default_profile|retweet_ratio>=0.85(0.86)|zero_or_single_original|cohort_member(1),10210,4194,2.4344,48,el,144,False,True,2646,0.8571,1,2
CMentat,amplifier_suspect,0.6,True,default_profile|retweet_ratio>=0.85(0.86)|zero_or_single_original|first_retweeter_count>=3(6),531,660,0.8045,9,,101,False,True,588,0.8571,1,
EthanAnargyrous,amplifier_suspect,0.6,True,default_profile|retweet_ratio>=0.85(0.86)|zero_or_single_original|first_retweeter_count>=3(4),1171,962,1.2173,13,el,83,False,True,2839,0.8571,1,
KVagos42117,amplifier_suspect,0.6,True,default_profile|retweet_ratio>=0.85(0.90)|zero_or_single_original|first_retweeter_count>=3(8),90,126,0.7143,1,,0,False,True,1037,0.9,1,
KyrPantelis3,amplifier_suspect,0.6,True,default_profile|retweet_ratio>=0.85(0.93)|zero_or_single_original|first_retweeter_count>=3(11),392,2410,0.1627,7,en,44,False,True,1382,0.9286,1,
Local_Bureau,amplifier_suspect,0.6,True,retweet_ratio>=0.85(0.88)|zero_or_single_original|first_retweeter_count>=3(4),9377,1294,7.2465,36,el,38,False,False,3900,0.875,1,
theatropoios,amplifier_suspect,0.6,True,default_profile|retweet_ratio>=0.85(0.92)|zero_or_single_original|first_retweeter_count>=3(11),636,2099,0.303,9,en,98,False,True,831,0.9167,1,
themagus2022,amplifier_suspect,0.6,True,default_profile|default_profile_image|retweet_ratio>=0.85(0.92)|zero_or_single_original|first_retweeter_count>=3(9),243,482,0.5041,3,,0,False,True,1337,0.9167,1,
4lhc_athens,retail_user,0.6,True,default_profile,239,251,0.9522,1,,83,False,True,208,0.5,2,
AChamouza,retail_user,0.6,True,default_profile,224,359,0.624,5,,0,False,True,1138,0.0,2,
Abovelaw13,retail_user,0.6,True,blue_verified|default_profile|first_retweeter_count>=3(8),1071,612,1.75,9,en,74,True,True,1731,0.4444,10,
AnnaMaria_1538,retail_user,0.6,True,default_profile,3232,2433,1.3284,6,,0,False,True,1327,0.0,1,
Annis2350561782,retail_user,0.6,True,default_profile|first_retweeter_count>=3(60),1071,1745,0.6138,4,,110,False,True,755,0.7625,19,
Anthology2026,retail_user,0.6,True,default_profile|first_retweeter_count>=3(76)|cohort_member(1),300,2670,0.1124,1,el,123,False,True,56,0.8261,20,2
ArgirNik,retail_user,0.6,True,default_profile|first_retweeter_count>=3(11)|cohort_member(1),831,514,1.6167,1,el,22,False,True,5328,0.7273,6,2
BaboonTje,retail_user,0.6,True,default_profile,333,419,0.7947,7,en,121,False,True,2240,0.0,2,
Captain_Sparos,retail_user,0.6,True,,589,690,0.8536,7,el,124,False,False,5894,0.0,1,
DonConsclavios,retail_user,0.6,True,blue_verified|default_profile|retweet_ratio>=0.85(0.97)|first_retweeter_count>=3(41)|cohort_member(1),308,827,0.3724,2,el,128,True,True,1023,0.9688,2,1
GiotaPapapetrou,retail_user,0.6,True,default_profile|retweet_ratio>=0.85(0.98)|first_retweeter_count>=3(179)|cohort_member(1),4690,3426,1.3689,3,,0,False,True,1923,0.9845,3,1
Griniazw,retail_user,0.6,True,blue_verified|default_profile,34,78,0.4359,2,el,34,True,True,1432,0.0,1,
HRessed,retail_user,0.6,True,default_profile,438,442,0.991,8,el,111,False,True,187,0.3333,4,
Iliserp,retail_user,0.6,True,blue_verified|default_profile,418,1283,0.3258,2,en,152,True,True,3808,0.0,1,
LosKarabou79397,retail_user,0.6,True,default_profile,276,304,0.9079,5,qht,15,False,True,58,0.6667,1,
MAVROJOHN,retail_user,0.6,True,default_profile|first_retweeter_count>=3(3),261,381,0.685,4,,27,False,True,5180,0.375,5,
MariaKoki3,retail_user,0.6,True,default_profile|retweet_ratio>=0.85(0.86)|first_retweeter_count>=3(15)|cohort_member(1),1415,753,1.8792,5,,56,False,True,1207,0.8636,3,2
Melbourne57,retail_user,0.6,True,,1686,1950,0.8646,5,und,0,False,False,5181,0.5,3,
Mirsini1946041,retail_user,0.6,True,default_profile|retweet_ratio>=0.85(0.95)|first_retweeter_count>=3(41)|cohort_member(1),4998,2858,1.7488,8,el,17,False,True,906,0.9538,3,1
PanosStayis,retail_user,0.6,True,default_profile,348,351,0.9915,7,el,158,False,True,1065,0.6667,1,
Philipos1991486,retail_user,0.6,True,default_profile|first_retweeter_count>=3(4),33,126,0.2619,1,,0,False,True,45,0.5,4,
PhunkD14,retail_user,0.6,True,default_profile,239,1012,0.2362,4,en,129,False,True,1245,0.0,1,
QuercusLg,retail_user,0.6,True,default_profile|first_retweeter_count>=3(24),1083,1202,0.901,4,el,43,False,True,1374,0.8235,6,
Rinokeros2023,retail_user,0.6,True,default_profile,28,114,0.2456,2,,0,False,True,1166,0.0,2,
SenzakiKamo,retail_user,0.6,True,default_profile|retweet_ratio>=0.85(0.94)|first_retweeter_count>=3(14)|cohort_member(1),549,411,1.3358,6,ja,34,False,True,4078,0.9444,2,1
Sunflower19731,retail_user,0.6,True,default_profile,205,235,0.8723,3,en,21,False,True,2635,0.0,2,
SuperAnthonyA,retail_user,0.6,True,default_profile,872,1286,0.6781,7,,0,False,True,5643,0.3333,2,
Tiramolas_,retail_user,0.6,True,default_profile,125,251,0.498,9,el,159,False,True,85,0.0,2,
VaragiosP,retail_user,0.6,True,default_profile,294,293,1.0034,4,,0,False,True,1935,0.5,1,
Wonderlust_K,retail_user,0.6,True,default_profile,430,496,0.8669,9,en,32,False,True,5248,0.5,1,
akenaton37,retail_user,0.6,True,default_profile,34,17,2.0,8,el,40,False,True,2105,0.0,1,
anasiropiastos,retail_user,0.6,True,default_profile|first_retweeter_count>=3(17)|cohort_member(1),350,291,1.2027,3,el,87,False,True,311,0.8438,5,1
artz1b00rtz1,retail_user,0.6,True,default_profile,593,875,0.6777,7,el,75,False,True,1198,0.0,2,
bounty_hunter0x,retail_user,0.6,True,default_profile,73,193,0.3782,5,,0,False,True,1656,0.0,1,
despica67766915,retail_user,0.6,True,default_profile,846,1154,0.7331,1,,3,False,True,2394,0.5,1,
doumpalis,retail_user,0.6,True,default_profile|default_profile_image,266,336,0.7917,8,und,0,False,True,2499,0.0,1,
drepanosfyro,retail_user,0.6,True,,777,378,2.0556,7,el,118,False,False,2928,0.0,1,
foivos_trikkis_,retail_user,0.6,True,default_profile|first_retweeter_count>=3(16),1523,822,1.8528,3,el,44,False,True,2181,0.6667,8,
freemindspirits,retail_user,0.6,True,default_profile|first_retweeter_count>=3(9),1441,3101,0.4647,6,,83,False,True,5096,0.6923,4,
giapantaxontros,retail_user,0.6,True,default_profile,250,310,0.8065,9,el,57,False,True,1780,0.0,1,
hermesjk,retail_user,0.6,True,,450,377,1.1936,6,el,49,False,False,6090,0.0,1,
isidoragiou1,retail_user,0.6,True,,601,291,2.0653,5,und,0,False,False,3863,0.5,1,
johntsik13,retail_user,0.6,True,default_profile,1124,1628,0.6904,7,el,33,False,True,3008,0.0,1,
kaltsib,retail_user,0.6,True,,390,475,0.8211,4,el,13,False,False,4171,0.0,1,
kefalaiouxos,retail_user,0.6,True,default_profile,561,208,2.6971,9,,0,False,True,2075,0.0,1,
kostasagg1965,retail_user,0.6,True,default_profile|first_retweeter_count>=3(7),364,7223,0.0504,3,qst,4,False,True,1454,0.5833,5,
lavidaloca51932,retail_user,0.6,True,default_profile,1,18,0.0556,2,,0,False,True,76,0.6667,1,
nikos_aggelakis,retail_user,0.6,True,default_profile|first_retweeter_count>=3(3)|cohort_member(1),554,1161,0.4772,9,el,77,False,True,5244,0.5455,5,2
pJNs4ACgiayAknX,retail_user,0.6,True,default_profile,2158,2290,0.9424,7,und,0,False,True,2537,0.0,1,
packad__,retail_user,0.6,True,default_profile,166,608,0.273,6,el,25,False,True,2357,0.3333,2,
panagitsma78169,retail_user,0.6,True,default_profile,81,100,0.81,7,,0,False,True,826,0.0,1,
paoktses,retail_user,0.6,True,default_profile,1287,994,1.2948,9,el,157,False,True,1495,0.0,1,
pnevan11,retail_user,0.6,True,default_profile,622,1464,0.4249,5,,40,False,True,3633,0.5,1,
steiger_st28082,retail_user,0.6,True,default_profile|first_retweeter_count>=3(9)|cohort_member(1),2138,3168,0.6749,8,el,92,False,True,1129,0.7647,4,2
unico11226,retail_user,0.6,True,blue_verified|default_profile|retweet_ratio>=0.85(0.87)|first_retweeter_count>=3(15)|cohort_member(1),819,2189,0.3741,4,en,31,True,True,85,0.8696,3,2
vxaz_79,retail_user,0.6,True,blue_verified|default_profile,2762,4067,0.6791,5,el,104,True,True,4569,0.5,1,
0nyxas,mixed_behavior,0.4,True,default_profile,6944,2590,2.6811,49,el,35,False,True,3521,0.75,1,
2PAzkjh6oFRW77D,mixed_behavior,0.4,True,default_profile,4599,2287,2.0109,35,el,48,False,True,2363,0.3333,4,
57lista,mixed_behavior,0.4,True,default_profile|first_retweeter_count>=3(6)|cohort_member(1),1666,1551,1.0741,16,el,13,False,True,1698,0.6316,7,1
AgelisDimitris,mixed_behavior,0.4,True,default_profile|retweet_ratio>=0.85(0.88)|first_retweeter_count>=3(90)|cohort_member(1),2180,2288,0.9528,25,,0,False,True,2189,0.8829,24,1
Agie2a,mixed_behavior,0.4,True,blue_verified|default_profile|first_retweeter_count>=3(17)|cohort_member(1),4459,3358,1.3279,29,en,66,True,True,1512,0.6604,18,1
Ah_riman,mixed_behavior,0.4,True,blue_verified|retweet_ratio>=0.85(0.93)|first_retweeter_count>=3(14)|cohort_member(1),9213,8776,1.0498,12,und,0,True,False,3290,0.931,2,1
AleaJactaEst101,mixed_behavior,0.4,True,default_profile,5905,1728,3.4172,43,el,49,False,True,3138,0.3333,2,
AnnaDiEpifanio1,mixed_behavior,0.4,True,default_profile|retweet_ratio>=0.85(1.00)|zero_or_single_original,532,695,0.7655,4,el,34,False,True,2817,1.0,0,
ArisBJJ,mixed_behavior,0.4,True,blue_verified|first_retweeter_count>=3(9)|cohort_member(1),3251,1350,2.4081,16,,143,True,False,5465,0.7778,6,1
Athanasiosfara1,mixed_behavior,0.4,True,blue_verified|default_profile,2870,1826,1.5717,38,el,30,True,True,3748,0.3333,2,
BananaJoeReload,mixed_behavior,0.4,True,default_profile|first_retweeter_count>=3(40)|cohort_member(1),6531,7380,0.885,44,,114,False,True,3198,0.8276,10,2
Briassulis,mixed_behavior,0.4,True,default_profile|first_retweeter_count>=3(68)|cohort_member(1),1819,1175,1.5481,33,el,142,False,True,1924,0.7179,55,1
Christodoulakos,mixed_behavior,0.4,True,blue_verified,3096,2709,1.1429,28,el,34,True,False,5472,0.4,3,
CroniusZeus,mixed_behavior,0.4,True,default_profile,1495,2881,0.5189,12,en,15,False,True,2460,1.0,0,
DDeppied,mixed_behavior,0.4,True,default_profile|zero_or_single_original|first_retweeter_count>=3(3)|cohort_member(1),3807,2897,1.3141,11,und,0,False,True,3063,0.8333,1,2
Electra306,mixed_behavior,0.4,True,blue_verified|default_profile|first_retweeter_count>=3(3),5209,2752,1.8928,17,en,99,True,True,2242,1.0,0,
ElinaKoliop,mixed_behavior,0.4,True,default_profile|first_retweeter_count>=3(3),458,454,1.0088,48,el,114,False,True,1313,1.0,0,
EoLaerte,mixed_behavior,0.4,True,default_profile|first_retweeter_count>=3(3),497,773,0.6429,9,,0,False,True,1609,1.0,0,
Evitel_,mixed_behavior,0.4,True,blue_verified|cohort_member(1),2501,1280,1.9539,22,el,69,True,False,5536,1.0,0,2
FrankiKostas,mixed_behavior,0.4,True,default_profile|cohort_member(1),2678,2328,1.1503,14,,27,False,True,4051,1.0,0,1
GP_74_,mixed_behavior,0.4,True,default_profile,1353,1039,1.3022,17,el,39,False,True,1062,0.7143,2,
Hlsn0iQdRGXJ7lw,mixed_behavior,0.4,True,default_profile,1350,2101,0.6426,16,el,150,False,True,1726,0.6,2,
IK25818385,mixed_behavior,0.4,True,default_profile|first_retweeter_count>=3(10),1054,3299,0.3195,23,el,77,False,True,1876,0.8333,2,
InafiZinaf1,mixed_behavior,0.4,True,default_profile,559,174,3.2126,13,el,89,False,True,402,1.0,0,
JSweetGR,mixed_behavior,0.4,True,blue_verified|cohort_member(1),3265,2128,1.5343,42,en,102,True,False,6226,0.6923,4,1
K_Sav215,mixed_behavior,0.4,True,default_profile|default_profile_image|first_retweeter_count>=3(72)|cohort_member(1),1162,1134,1.0247,15,en,99,False,True,1718,0.513,94,1
Lalunaromantico,mixed_behavior,0.4,True,default_profile|first_retweeter_count>=3(5)|cohort_member(1),2047,1045,1.9589,20,,0,False,True,4131,0.75,2,2
MKioulafa,mixed_behavior,0.4,True,default_profile|retweet_ratio>=0.85(0.86)|first_retweeter_count>=3(47)|cohort_member(1),3286,4973,0.6608,16,und,0,False,True,2459,0.8642,11,1
MarkRenieris,mixed_behavior,0.4,True,default_profile,414,440,0.9409,11,,0,False,True,1164,0.5,3,
MatrimC110073,mixed_behavior,0.4,True,blue_verified|default_profile,959,1450,0.6614,21,el,47,True,True,1373,0.5,2,
MenoEdo,mixed_behavior,0.4,True,default_profile|retweet_ratio>=0.85(0.93)|first_retweeter_count>=3(43)|cohort_member(1),2704,2011,1.3446,26,el,65,False,True,1851,0.9339,8,1
Placebo_0,mixed_behavior,0.4,True,first_retweeter_count>=3(23),6485,3501,1.8523,43,el,157,False,False,5168,0.697,10,
Ralia1Raily,mixed_behavior,0.4,True,default_profile|first_retweeter_count>=3(3),598,642,0.9315,7,en,43,False,True,1709,1.0,0,
Realism_47,mixed_behavior,0.4,True,default_profile|first_retweeter_count>=3(3),1238,4249,0.2914,10,el,21,False,True,1896,1.0,0,
Rena_Rethymno,mixed_behavior,0.4,False,retweet_ratio>=0.85(0.86)|first_retweeter_count>=3(8)|cohort_member(1),,,,,,0,,,,0.8571,3,2
RockRock222555,mixed_behavior,0.4,True,default_profile|first_retweeter_count>=3(33)|cohort_member(1),1737,1852,0.9379,30,el,61,False,True,1861,0.7308,21,1
SagamoreMount,mixed_behavior,0.4,True,default_profile|cohort_member(1),134,425,0.3153,10,en,17,False,True,603,1.0,0,1
ThanosKten,mixed_behavior,0.4,True,blue_verified|default_profile,687,661,1.0393,21,el,104,True,True,474,0.75,1,
TheMadoula,mixed_behavior,0.4,True,retweet_ratio>=0.85(0.93)|first_retweeter_count>=3(14)|cohort_member(1),3087,3675,0.84,15,,5,False,False,5886,0.925,3,1
Track11John,mixed_behavior,0.4,True,default_profile|retweet_ratio>=0.85(0.98)|first_retweeter_count>=3(143)|cohort_member(1),899,739,1.2165,20,el,112,False,True,1453,0.9777,5,1
VanaT66,mixed_behavior,0.4,True,default_profile,1598,1623,0.9846,12,en,152,False,True,2464,0.6667,1,
Veltsi_Legacy,mixed_behavior,0.4,True,blue_verified|default_profile|cohort_member(1),1232,580,2.1241,33,el,46,True,True,945,0.4545,6,2
VforVolemenos,mixed_behavior,0.4,True,blue_verified|default_profile|retweet_ratio>=0.85(0.86)|first_retweeter_count>=3(9)|cohort_member(1),6729,6396,1.0521,33,el,105,True,True,1525,0.8571,2,1
Volcom40893832,mixed_behavior,0.4,True,default_profile,835,839,0.9952,11,el,12,False,True,2581,1.0,0,
ZYNkD4UIaXYsoaL,mixed_behavior,0.4,True,default_profile|default_profile_image|first_retweeter_count>=3(4),1099,1447,0.7595,13,el,42,False,True,2729,1.0,0,
ZbejVty,mixed_behavior,0.4,True,default_profile|first_retweeter_count>=3(14)|cohort_member(1),4024,4992,0.8061,19,el,109,False,True,1671,0.7692,6,2
agapornis_mask,mixed_behavior,0.4,True,default_profile,187,464,0.403,6,el,70,False,True,5022,1.0,0,
aggelikiME25,mixed_behavior,0.4,True,default_profile|retweet_ratio>=0.85(0.96)|first_retweeter_count>=3(106)|cohort_member(1),5557,1944,2.8585,41,el,18,False,True,3659,0.9565,5,2
angelikitsakani,mixed_behavior,0.4,True,default_profile|retweet_ratio>=0.85(0.99)|first_retweeter_count>=3(58)|cohort_member(1),3171,3857,0.8221,14,el,25,False,True,5212,0.9875,2,1
antileftis91560,mixed_behavior,0.4,True,default_profile,2263,2268,0.9978,21,el,27,False,True,690,0.3333,6,
aprosarmostos_,mixed_behavior,0.4,True,default_profile,4346,3294,1.3194,28,el,140,False,True,3688,0.5,2,
bobidion,mixed_behavior,0.4,True,,5715,2892,1.9761,31,en,81,False,False,5268,0.4286,4,
bolltzmann,mixed_behavior,0.4,True,blue_verified,13412,5163,2.5977,29,,0,True,False,4477,0.6667,1,
chrisvwgolf,mixed_behavior,0.4,True,default_profile|first_retweeter_count>=3(3),52,32,1.625,11,el,141,False,True,1258,1.0,0,
communakios,mixed_behavior,0.4,True,default_profile|zero_or_single_original|cohort_member(1),4377,1119,3.9115,36,el,95,False,True,1581,0.8,1,1
consue_banana_,mixed_behavior,0.4,True,default_profile|first_retweeter_count>=3(6),3693,2381,1.551,21,el,39,False,True,604,0.6667,3,
crazy_cat_lados,mixed_behavior,0.4,True,default_profile|first_retweeter_count>=3(4),2119,2019,1.0495,8,el,157,False,True,4426,1.0,0,
dimitris7987,mixed_behavior,0.4,True,default_profile|retweet_ratio>=0.85(0.86)|first_retweeter_count>=3(6)|cohort_member(1),935,548,1.7062,32,,0,False,True,437,0.8621,4,2
frel_elias,mixed_behavior,0.4,True,blue_verified|default_profile|retweet_ratio>=0.85(0.88)|first_retweeter_count>=3(13),1147,1685,0.6807,26,el,58,True,True,5300,0.8824,2,
georgekouts62,mixed_behavior,0.4,True,default_profile,5029,5012,1.0034,20,,0,False,True,3554,1.0,0,
giannMak,mixed_behavior,0.4,True,retweet_ratio>=0.85(0.95)|first_retweeter_count>=3(30)|cohort_member(1),6828,6711,1.0174,30,el,34,False,False,4084,0.954,4,1
giorgosgreen,mixed_behavior,0.4,True,default_profile,1123,557,2.0162,14,en,24,False,True,2646,0.6667,1,
greek_paris_13,mixed_behavior,0.4,True,retweet_ratio>=0.85(0.94)|first_retweeter_count>=3(17)|cohort_member(1),6908,2864,2.412,28,el,48,False,False,5301,0.9412,2,1
hatz_patty,mixed_behavior,0.4,True,retweet_ratio>=0.85(0.96)|first_retweeter_count>=3(56)|cohort_member(1),9023,6069,1.4867,39,el,99,False,False,5384,0.957,4,1
ippotech,mixed_behavior,0.4,True,first_retweeter_count>=3(3),3985,4568,0.8724,20,en,67,False,False,5503,0.7,3,
johnblandos,mixed_behavior,0.4,True,default_profile|retweet_ratio>=0.85(0.89)|first_retweeter_count>=3(44)|cohort_member(1),1960,2952,0.664,14,,0,False,True,4538,0.8904,8,1
kimosampe,mixed_behavior,0.4,True,cohort_member(1),1034,1455,0.7107,5,und,0,False,False,5184,1.0,0,2
klikr,mixed_behavior,0.4,True,retweet_ratio>=0.85(0.87)|first_retweeter_count>=3(21)|cohort_member(1),1105,1194,0.9255,14,und,0,False,False,5408,0.8684,5,1
kontologis,mixed_behavior,0.4,True,first_retweeter_count>=3(3),6833,3650,1.8721,42,el,96,False,False,2846,0.6,2,
kostasp194,mixed_behavior,0.4,True,default_profile,3530,4122,0.8564,13,,0,False,True,3425,0.6667,2,
lafillemalgard1,mixed_behavior,0.4,True,retweet_ratio>=0.85(0.88)|first_retweeter_count>=3(14)|cohort_member(1),3622,3307,1.0953,37,en,28,False,False,5155,0.8846,3,1
ledentiste2,mixed_behavior,0.4,True,default_profile|first_retweeter_count>=3(13),2597,3335,0.7787,18,el,86,False,True,2129,0.7647,4,
lordos_noble,mixed_behavior,0.4,True,default_profile,1318,983,1.3408,17,el,28,False,True,2195,0.6667,1,
maus_miny,mixed_behavior,0.4,True,default_profile|retweet_ratio>=0.85(0.92)|first_retweeter_count>=3(8)|cohort_member(1),4443,2094,2.1218,33,el,70,False,True,1509,0.9231,2,1
mpantazo,mixed_behavior,0.4,True,retweet_ratio>=0.85(0.98)|first_retweeter_count>=3(33)|cohort_member(1),2476,1357,1.8246,21,und,0,False,False,4334,0.9753,2,1
nesgrego,mixed_behavior,0.4,True,blue_verified,5268,2571,2.049,42,,77,True,False,4388,0.75,1,
oldfileles,mixed_behavior,0.4,True,blue_verified|default_profile,25991,5102,5.0943,34,el,22,True,True,3978,0.3333,2,
phtochos1,mixed_behavior,0.4,True,default_profile|first_retweeter_count>=3(36),11132,9230,1.2061,9,el,139,False,True,1471,0.8298,8,
seriousthreat98,mixed_behavior,0.4,True,default_profile|zero_or_single_original|first_retweeter_count>=3(4),819,430,1.9047,15,,64,False,True,1197,0.8,1,
sinakatsarou,mixed_behavior,0.4,True,default_profile|retweet_ratio>=0.85(0.96)|first_retweeter_count>=3(55)|cohort_member(1),7729,1976,3.9114,19,,0,False,True,2673,0.9565,5,1
stefanakiir3,mixed_behavior,0.4,True,default_profile|cohort_member(1),893,653,1.3675,12,und,0,False,True,3682,1.0,0,2
tazmanolis,mixed_behavior,0.4,True,blue_verified|default_profile|first_retweeter_count>=3(10),14630,6102,2.3976,37,en,20,True,True,2441,0.7143,4,
vythos70,mixed_behavior,0.4,True,default_profile|retweet_ratio>=0.85(0.88)|first_retweeter_count>=3(98)|cohort_member(1),10526,10486,1.0038,29,el,21,False,True,1968,0.8836,17,1
2Harvard2,unknown,0.2,True,,574,1149,0.4996,6,en,159,False,False,5964,1.0,0,
2eateras,unknown,0.2,True,default_profile,694,2064,0.3362,17,und,18,False,True,2642,0.5,1,
AlexAlexroll,unknown,0.2,True,,346,271,1.2768,10,en,43,False,False,5765,1.0,0,
AndriotGreg,unknown,0.2,True,default_profile,1276,1278,0.9984,4,und,0,False,True,2994,1.0,0,
Anna_Moun,unknown,0.2,True,default_profile,1438,1367,1.0519,10,,105,False,True,3169,1.0,0,
AsimakosGiannis,unknown,0.2,True,default_profile,374,341,1.0968,4,,0,False,True,1426,1.0,0,
Asmoudis13,unknown,0.2,True,default_profile,48,562,0.0854,6,,0,False,True,353,1.0,0,
ChrisDarko39,unknown,0.2,True,,3769,3937,0.9573,34,el,70,False,False,5460,1.0,0,
ClarkGBeul,unknown,0.2,True,default_profile,2686,2088,1.2864,17,,74,False,True,1502,1.0,0,
Daedalus_theG,unknown,0.2,True,default_profile,928,893,1.0392,11,en,60,False,True,227,1.0,0,
DimitrisP69501,unknown,0.2,True,default_profile,40,240,0.1667,2,,0,False,True,146,1.0,0,
DoctorStrangeGr,unknown,0.2,True,default_profile,2597,494,5.2571,26,el,54,False,True,1415,0.0,1,
Drifter_1066,unknown,0.2,False,,,,,,,0,,,,0.0,1,
Georgia146690,unknown,0.2,True,default_profile,77,84,0.9167,4,,0,False,True,232,1.0,0,
Guson653566,unknown,0.2,False,,,,,,,0,,,,0.0,1,
HFirstpriest,unknown,0.2,False,,,,,,,0,,,,0.0,1,
IoannisAro98223,unknown,0.2,False,,,,,,,0,,,,0.0,1,
IriniPapad26550,unknown,0.2,False,,,,,,,0,,,,0.0,1,
IvanZak13,unknown,0.2,True,default_profile,623,4436,0.1404,8,en,24,False,True,1940,1.0,0,
JanSobiesk1683V,unknown,0.2,True,default_profile,912,2139,0.4264,12,,0,False,True,1674,1.0,0,
Jocoon5,unknown,0.2,False,,,,,,,0,,,,0.0,1,
JtfYiannis,unknown,0.2,True,cohort_member(1),2386,3359,0.7103,11,,0,False,False,3676,1.0,0,2
Kabamaru__n,unknown,0.2,True,default_profile,11,4,2.75,2,,0,False,True,778,1.0,0,
Klearxos8,unknown,0.2,True,default_profile,1247,2680,0.4653,8,el,63,False,True,1800,1.0,0,
Kon_Dalaoura,unknown,0.2,True,default_profile,31,132,0.2348,2,el,33,False,True,703,1.0,0,
Konstan18155165,unknown,0.2,True,default_profile,36,215,0.1674,3,,0,False,True,409,1.0,0,
Kostas18748292,unknown,0.2,True,default_profile,602,809,0.7441,4,,0,False,True,2063,1.0,0,
Lollos1242232,unknown,0.2,False,,,,,,,0,,,,0.0,1,
Lucy75218876,unknown,0.2,True,default_profile,4086,1568,2.6059,7,en,15,False,True,1655,1.0,0,
M_Efstathiou,unknown,0.2,True,default_profile,367,502,0.7311,10,und,0,False,True,3397,1.0,0,
Manolo_math,unknown,0.2,True,,1803,2291,0.787,11,en,21,False,False,5253,0.5,1,
Marria198,unknown,0.2,True,default_profile,1057,973,1.0863,23,el,68,False,True,1022,1.0,0,
Masprixate,unknown,0.2,True,default_profile,1173,1252,0.9369,21,el,67,False,True,3631,1.0,0,
OratiosPoulos,unknown,0.2,True,default_profile,4782,1234,3.8752,21,el,19,False,True,1726,1.0,0,
Perdim1,unknown,0.2,True,,707,869,0.8136,7,el,158,False,False,5064,1.0,0,
Pi8kiavlozampis,unknown,0.2,False,,,,,,,0,,,,0.0,1,
Pia_Soun,unknown,0.2,True,default_profile,559,554,1.009,7,en,147,False,True,5083,1.0,0,
PiraeusStef,unknown,0.2,True,,2058,2281,0.9022,22,,90,False,False,5467,1.0,0,
RGialama8386,unknown,0.2,True,default_profile,104,421,0.247,2,art,14,False,True,348,1.0,0,
RunManLXXIII,unknown,0.2,True,default_profile,40,49,0.8163,1,el,137,False,True,884,1.0,0,
Savaso1955,unknown,0.2,True,default_profile,110,353,0.3116,4,el,87,False,True,979,1.0,0,
Snow83189825,unknown,0.2,True,default_profile,654,900,0.7267,5,el,6,False,True,1570,1.0,0,
SpyrosSpyropou7,unknown,0.2,False,,,,,,,0,,,,0.0,1,
TDrodopoulou,unknown,0.2,True,default_profile,208,145,1.4345,2,el,54,False,True,1157,1.0,0,
Tasos3025749307,unknown,0.2,True,default_profile,118,57,2.0702,16,,0,False,True,1094,0.0,1,
TetraLogiki,unknown,0.2,True,default_profile,3101,1812,1.7114,35,el,16,False,True,2693,1.0,0,
TheSurigata,unknown,0.2,True,default_profile,578,284,2.0352,10,en,13,False,True,1587,0.0,1,
TheocharousH,unknown,0.2,False,,,,,,,0,,,,0.0,1,
Ti_kanete_re,unknown,0.2,True,blue_verified,1622,1255,1.2924,12,el,159,True,False,5430,0.0,1,
XMulwna,unknown,0.2,False,,,,,,,0,,,,0.0,1,
XmLdl,unknown,0.2,False,,,,,,,0,,,,0.0,1,
Yiorgos4115671,unknown,0.2,True,default_profile|default_profile_image,319,1968,0.1621,4,,0,False,True,540,1.0,0,
akrato,unknown,0.2,True,,2459,3873,0.6349,37,,11,False,False,6324,1.0,0,
alexpretti1312,unknown,0.2,True,default_profile,180,299,0.602,6,el,29,False,True,85,1.0,0,
antonis_zen,unknown,0.2,True,default_profile,942,1336,0.7051,19,,0,False,True,1487,1.0,0,
antonispoulas,unknown,0.2,False,,,,,,,0,,,,0.0,1,
blackadder_3rd,unknown,0.2,True,default_profile,1632,1183,1.3795,15,en,43,False,True,5095,1.0,0,
christoskostaki,unknown,0.2,False,,,,,,,0,,,,0.0,1,
correll_caus,unknown,0.2,True,default_profile,209,254,0.8228,4,el,140,False,True,742,1.0,0,
desevmoi,unknown,0.2,True,default_profile,179,206,0.8689,1,,0,False,True,1100,1.0,0,
epaggelmatiassk,unknown,0.2,True,default_profile,3547,2544,1.3943,23,el,153,False,True,2962,1.0,0,
gabrielubr,unknown,0.2,False,,,,,,,0,,,,0.0,1,
gaou__biou,unknown,0.2,True,default_profile,1065,921,1.1564,9,en,9,False,True,2059,1.0,0,
harakont,unknown,0.2,True,default_profile,329,426,0.7723,1,,0,False,True,1621,1.0,0,
iVasilios,unknown,0.2,True,default_profile,1511,2042,0.74,14,,100,False,True,1412,0.0,1,
leonidasHG,unknown,0.2,True,default_profile,1138,1625,0.7003,16,,0,False,True,5297,1.0,0,
loudovikos14os,unknown,0.2,True,default_profile,449,343,1.309,18,el,113,False,True,3948,1.0,0,
loukasspetses13,unknown,0.2,True,default_profile,177,261,0.6782,13,,7,False,True,521,1.0,0,
makis585,unknown,0.2,False,,,,,,,0,,,,0.0,1,
milinimaria,unknown,0.2,True,,2755,1259,2.1882,17,,97,False,False,5619,1.0,0,
moonshinegr,unknown,0.2,True,default_profile,546,400,1.365,14,und,0,False,True,4004,1.0,0,
myga_tse,unknown,0.2,False,,,,,,,0,,,,0.0,1,
mystical_hell,unknown,0.2,True,default_profile,86,124,0.6935,1,,13,False,True,870,1.0,0,
pOURc3ero9j906K,unknown,0.2,True,default_profile,3083,2310,1.3346,3,,0,False,True,1715,1.0,0,
papa_vaso,unknown,0.2,True,,1322,1352,0.9778,3,und,0,False,False,4059,1.0,0,
paristzina,unknown,0.2,False,,,,,,,0,,,,0.0,1,
poetic_politica,unknown,0.2,True,,4262,4067,1.0479,20,,63,False,False,5932,0.0,1,
prng2777,unknown,0.2,True,,3272,2177,1.503,20,el,17,False,False,3227,0.0,1,
sokpap,unknown,0.2,True,default_profile,191,285,0.6702,5,el,52,False,True,5431,1.0,0,
spfotis,unknown,0.2,False,,,,,,,0,,,,0.0,1,
starick878,unknown,0.2,False,,,,,,,0,,,,0.0,1,
t_thalatta,unknown,0.2,True,default_profile,37,133,0.2782,2,en,102,False,True,567,1.0,0,
tavros5791,unknown,0.2,True,,2600,1163,2.2356,48,el,115,False,False,5888,1.0,0,
tipukitos,unknown,0.2,True,,988,905,1.0917,27,el,34,False,False,5568,0.0,1,
vagelis_ts,unknown,0.2,True,default_profile,54,180,0.3,2,,0,False,True,1718,1.0,0,
vasgeo310,unknown,0.2,True,default_profile,584,1893,0.3085,28,en,80,False,True,5848,0.0,1,
zzografo,unknown,0.2,True,default_profile,545,523,1.0421,15,el,14,False,True,1144,1.0,0,
